{
  "type": "FeatureCollection",
  "features": [
    {
      "type": "Feature",
      "geometry": {
        "type": "Point",
        "coordinates": [
          14.4151449,
          50.0725018
        ]
      },
      "properties": {
        "@type": "node",
        "@id": 290650248,
        "@url": "https://www.openstreetmap.org/node/290650248",
        "access": "yes",
        "activation": "continuous",
        "amenity": "drinking_water",
        "bottle": "no",
        "check_date": "2026",
        "description": "Pítko Zítkovy sady",
        "dog": "no",
        "fee": "no",
        "fountain": "decorative",
        "indoor": "no",
        "material": "stone",
        "opening_hours": "24/7",
        "ref:prazskapitka": "3",
        "seasonal": "summer",
        "source": "CZ:IPRPraha:ortofoto;survey",
        "water_flow": "weak",
        "wheelchair": "yes",
        "wikidata": "Q98381459",
        "wikimedia_commons": "Category:Pítko u stanice Karlovo náměstí (Luboš Růžička)"
      }
    },
    {
      "type": "Feature",
      "geometry": {
        "type": "Point",
        "coordinates": [
          14.3980409,
          50.078051
        ]
      },
      "properties": {
        "@type": "node",
        "@id": 302839058,
        "@url": "https://www.openstreetmap.org/node/302839058",
        "access": "yes",
        "amenity": "drinking_water",
        "bottle": "yes",
        "button_operated": "yes",
        "check_date": "2025",
        "description": "Pítko Zahrada Kinských",
        "dog": "no",
        "fee": "no",
        "fountain": "spout",
        "manufacturer": "REX",
        "material": "cast_iron",
        "model": "Orfeus",
        "opening_hours": "24/7",
        "ref:prazskapitka": "133",
        "seasonal": "summer",
        "source": "survey",
        "water_flow": "normal",
        "wheelchair": "yes"
      }
    },
    {
      "type": "Feature",
      "geometry": {
        "type": "Point",
        "coordinates": [
          14.4095988,
          50.0907804
        ]
      },
      "properties": {
        "@type": "node",
        "@id": 303442567,
        "@url": "https://www.openstreetmap.org/node/303442567",
        "access": "yes",
        "activation": "continuous",
        "amenity": "drinking_water",
        "artist:wikidata": "Q64462197",
        "artist_name": "Miroslav Vystrčil",
        "bottle": "yes",
        "check_date": "2026-08-15",
        "description": "Pítko Klárov",
        "dog": "no",
        "drinking_water:seasonal": "yes",
        "fee": "no",
        "fountain": "decorative",
        "indoor": "no",
        "material": "stone",
        "note": "funguje pouze v létě / operating only in summer",
        "opening_hours": "24/7",
        "ref:drobne_pamatky": "67440",
        "ref:prazskapitka": "15",
        "seasonal": "summer",
        "source": "CZ:IPRPraha:ortofoto",
        "water_flow": "adjustable",
        "wheelchair": "yes",
        "wikidata": "Q98381453",
        "wikimedia_commons": "Category:Pítko u stanice Malostranská (Miroslav Vystrčil)"
      }
    },
    {
      "type": "Feature",
      "geometry": {
        "type": "Point",
        "coordinates": [
          14.3745499,
          50.0984627
        ]
      },
      "properties": {
        "@type": "node",
        "@id": 358463973,
        "@url": "https://www.openstreetmap.org/node/358463973",
        "amenity": "drinking_water"
      }
    },
    {
      "type": "Feature",
      "geometry": {
        "type": "Point",
        "coordinates": [
          14.4251602,
          50.0959655
        ]
      },
      "properties": {
        "@type": "node",
        "@id": 391273451,
        "@url": "https://www.openstreetmap.org/node/391273451",
        "access": "yes",
        "activation": "turn_valve",
        "activation:action": "turn",
        "amenity": "drinking_water",
        "bottle": "yes",
        "check_date": "2025",
        "description": "Pítko Letenské sady střed",
        "dog": "no",
        "fee": "no",
        "fountain": "spout",
        "manufacturer": "REX",
        "material": "cast_iron",
        "model": "Orfeus",
        "opening_hours": "24/7",
        "ref:prazskapitka": "181",
        "seasonal": "summer",
        "source": "survey",
        "water_flow": "adjustable",
        "wheelchair": "yes"
      }
    },
    {
      "type": "Feature",
      "geometry": {
        "type": "Point",
        "coordinates": [
          14.4357215,
          50.0748054
        ]
      },
      "properties": {
        "@type": "node",
        "@id": 503309229,
        "@url": "https://www.openstreetmap.org/node/503309229",
        "access": "yes",
        "amenity": "drinking_water",
        "bottle": "yes",
        "button_operated": "yes",
        "check_date": "2026-04-13",
        "description": "Pítko náměstí Míru jih",
        "dog": "no",
        "fee": "no",
        "fountain": "bubbler",
        "opening_hours": "24/7",
        "ref:drobne_pamatky": "10885",
        "ref:prazskapitka": "35",
        "seasonal": "summer",
        "water_flow": "normal",
        "wheelchair": "no",
        "wikidata": "Q64816260"
      }
    },
    {
      "type": "Feature",
      "geometry": {
        "type": "Point",
        "coordinates": [
          14.43547,
          50.0756795
        ]
      },
      "properties": {
        "@type": "node",
        "@id": 503309230,
        "@url": "https://www.openstreetmap.org/node/503309230",
        "access": "yes",
        "activation": "button",
        "activation:action": "hold",
        "amenity": "drinking_water",
        "bottle": "yes",
        "check_date": "2026",
        "description": "Pítko náměstí Míru sever",
        "dog": "no",
        "fee": "no",
        "fountain": "bubbler",
        "opening_hours": "24/7",
        "ref:drobne_pamatky": "10883",
        "ref:prazskapitka": "137",
        "seasonal": "summer",
        "water_flow": "normal",
        "wheelchair": "no",
        "wikidata": "Q64816261"
      }
    },
    {
      "type": "Feature",
      "geometry": {
        "type": "Point",
        "coordinates": [
          14.422444,
          50.0585497
        ]
      },
      "properties": {
        "@type": "node",
        "@id": 503341679,
        "@url": "https://www.openstreetmap.org/node/503341679",
        "access": "yes",
        "amenity": "drinking_water",
        "bottle": "yes",
        "button_operated": "yes",
        "check_date": "2026",
        "description": "Pítko Sinkulova",
        "dog": "no",
        "fee": "no",
        "fountain": "spout",
        "man_made": "water_tap",
        "manufacturer": "REX",
        "material": "cast_iron",
        "model": "Athena",
        "opening_hours": "24/7",
        "operator": "Praha 4",
        "ref:prazskapitka": "124",
        "seasonal": "summer",
        "water_flow": "normal",
        "wheelchair": "yes"
      }
    },
    {
      "type": "Feature",
      "geometry": {
        "type": "Point",
        "coordinates": [
          14.4323601,
          50.0859194
        ]
      },
      "properties": {
        "@type": "node",
        "@id": 919509114,
        "@url": "https://www.openstreetmap.org/node/919509114",
        "access": "yes",
        "activation": "continuous",
        "amenity": "drinking_water",
        "bottle": "no",
        "check_date": "2026",
        "description": "Pítko Senovážné náměstí",
        "dog": "no",
        "fee": "no",
        "fountain": "decorative",
        "opening_hours": "24/7",
        "ref:prazskapitka": "153",
        "seasonal": "summer",
        "source": "CZ:IPRPraha:ortofoto",
        "water_flow": "weak",
        "wheelchair": "limited"
      }
    },
    {
      "type": "Feature",
      "geometry": {
        "type": "Point",
        "coordinates": [
          14.4650568,
          50.0908745
        ]
      },
      "properties": {
        "@type": "node",
        "@id": 1239698662,
        "@url": "https://www.openstreetmap.org/node/1239698662",
        "access": "yes",
        "amenity": "drinking_water",
        "bottle": "yes",
        "button_operated": "yes",
        "check_date": "2025",
        "description": "Pítko hřiště Pražačka",
        "dog": "no",
        "fee": "no",
        "fountain": "spout",
        "manufacturer": "REX",
        "material": "cast_iron",
        "model": "Orfeus",
        "ref:prazskapitka": "139",
        "seasonal": "summer",
        "source": "survey",
        "water_flow": "normal",
        "wheelchair": "yes"
      }
    },
    {
      "type": "Feature",
      "geometry": {
        "type": "Point",
        "coordinates": [
          14.4342585,
          50.0914566
        ]
      },
      "properties": {
        "@type": "node",
        "@id": 1240083566,
        "@url": "https://www.openstreetmap.org/node/1240083566",
        "access": "yes",
        "activation": "button",
        "activation:action": "push",
        "amenity": "drinking_water",
        "bottle": "yes",
        "check_date": "2026",
        "description": "Pítko Petrská",
        "dog": "no",
        "fee": "no",
        "fountain": "spout",
        "manufacturer": "REX",
        "material": "cast_iron",
        "model": "Orfeus",
        "opening_hours": "24/7",
        "ref:prazskapitka": "138",
        "seasonal": "summer",
        "source": "survey",
        "water_flow": "normal",
        "wheelchair": "yes"
      }
    },
    {
      "type": "Feature",
      "geometry": {
        "type": "Point",
        "coordinates": [
          14.4345513,
          50.0853692
        ]
      },
      "properties": {
        "@type": "node",
        "@id": 1358756042,
        "@url": "https://www.openstreetmap.org/node/1358756042",
        "access": "yes",
        "activation": "button",
        "activation:action": "hold",
        "amenity": "drinking_water",
        "bottle": "yes",
        "check_date": "2026",
        "description": "Pítko hřiště ve Vrchlického Sadech sever",
        "dog": "no",
        "fee": "no",
        "fountain": "spout",
        "manufacturer": "REX",
        "material": "cast_iron",
        "model": "Orfeus",
        "opening_hours": "08:00-19:01",
        "ref:prazskapitka": "118",
        "seasonal": "summer",
        "water_flow": "normal",
        "wheelchair": "yes"
      }
    },
    {
      "type": "Feature",
      "geometry": {
        "type": "Point",
        "coordinates": [
          14.4340406,
          50.0850655
        ]
      },
      "properties": {
        "@type": "node",
        "@id": 1358756046,
        "@url": "https://www.openstreetmap.org/node/1358756046",
        "access": "yes",
        "activation": "button",
        "activation:action": "hold",
        "amenity": "drinking_water",
        "bottle": "yes",
        "check_date": "2026",
        "description": "Pítko hřiště ve Vrchlického sadech jih",
        "dog": "no",
        "fee": "no",
        "fountain": "spout",
        "manufacturer": "REX",
        "material": "cast_iron",
        "model": "Orfeus",
        "opening_hours": "08:00-19:00",
        "ref:prazskapitka": "186",
        "seasonal": "summer",
        "water_flow": "normal",
        "wheelchair": "yes"
      }
    },
    {
      "type": "Feature",
      "geometry": {
        "type": "Point",
        "coordinates": [
          14.4246316,
          50.0851563
        ]
      },
      "properties": {
        "@type": "node",
        "@id": 1408428564,
        "@url": "https://www.openstreetmap.org/node/1408428564",
        "access": "yes",
        "activation": "continuous",
        "amenity": "drinking_water",
        "bottle": "yes",
        "check_date": "2026",
        "cold_water": "yes",
        "description": "Pítko Havířská",
        "dog": "no",
        "drinking_water:legal": "yes",
        "drinking_water:seasonal": "yes",
        "fee": "no",
        "fountain": "decorative",
        "hot_water": "no",
        "material": "stone",
        "opening_hours": "24/7; Oct-Apr off",
        "ref:drobne_pamatky": "63356",
        "ref:prazskapitka": "194",
        "seasonal": "summer",
        "source": "CZ:IPRPraha:ortofoto",
        "warm_water": "no",
        "water_flow": "adjustable",
        "wheelchair": "limited",
        "wikidata": "Q107278674",
        "wikimedia_commons": "File:Praha Stare Mesto Havirska Na prikope pitko.jpg"
      }
    },
    {
      "type": "Feature",
      "geometry": {
        "type": "Point",
        "coordinates": [
          14.4307503,
          50.0930295
        ]
      },
      "properties": {
        "@type": "node",
        "@id": 1469855405,
        "@url": "https://www.openstreetmap.org/node/1469855405",
        "access": "yes",
        "activation": "sensor",
        "amenity": "drinking_water",
        "bottle": "yes",
        "check_date": "2026",
        "description": "Pítko park Lannova východ",
        "dog": "no",
        "fee": "no",
        "fountain": "spout",
        "material": "stone",
        "opening_hours": "24/7",
        "ref:prazskapitka": "274",
        "seasonal": "summer",
        "water_flow": "normal",
        "wheelchair": "yes"
      }
    },
    {
      "type": "Feature",
      "geometry": {
        "type": "Point",
        "coordinates": [
          14.4784017,
          50.0712323
        ]
      },
      "properties": {
        "@type": "node",
        "@id": 1512477089,
        "@url": "https://www.openstreetmap.org/node/1512477089",
        "access": "yes",
        "amenity": "drinking_water",
        "bottle": "yes",
        "button_operated": "yes",
        "check_date": "2025",
        "description": "Pítko Kubánské náměstí",
        "dog": "no",
        "fee": "no",
        "fountain": "bubbler",
        "material": "metal",
        "opening_hours": "24/7",
        "operator": "Praha 10",
        "ref:prazskapitka": "152",
        "seasonal": "summer",
        "water_flow": "normal",
        "wheelchair": "yes"
      }
    },
    {
      "type": "Feature",
      "geometry": {
        "type": "Point",
        "coordinates": [
          14.4291117,
          50.0257695
        ]
      },
      "properties": {
        "@type": "node",
        "@id": 1775805228,
        "@url": "https://www.openstreetmap.org/node/1775805228",
        "access": "yes",
        "activation": "button",
        "activation:action": "push",
        "amenity": "drinking_water",
        "bottle": "yes",
        "check_date": "2026-03-24",
        "description": "Pítko Jílovská",
        "dog": "no",
        "fee": "no",
        "fountain": "spout",
        "material": "metal",
        "model": "Roma",
        "opening_hours": "24/7",
        "ref:prazskapitka": "244",
        "seasonal": "summer",
        "source": "survey",
        "water_flow": "normal",
        "wheelchair": "yes"
      }
    },
    {
      "type": "Feature",
      "geometry": {
        "type": "Point",
        "coordinates": [
          14.4233636,
          50.0835356
        ]
      },
      "properties": {
        "@type": "node",
        "@id": 1787426874,
        "@url": "https://www.openstreetmap.org/node/1787426874",
        "access": "yes",
        "activation": "continuous",
        "amenity": "drinking_water",
        "bottle": "no",
        "check_date": "2026",
        "description": "Pítko Jungmannovo náměstí",
        "dog": "no",
        "fee": "no",
        "fountain": "decorative",
        "material": "stone",
        "opening_hours": "24/7",
        "ref:prazskapitka": "19",
        "seasonal": "summer",
        "source": "CZ:IPRPraha:ortofoto",
        "water_flow": "normal",
        "wheelchair": "yes"
      }
    },
    {
      "type": "Feature",
      "geometry": {
        "type": "Point",
        "coordinates": [
          14.4188373,
          50.0847372
        ]
      },
      "properties": {
        "@type": "node",
        "@id": 1787443450,
        "@url": "https://www.openstreetmap.org/node/1787443450",
        "access": "yes",
        "amenity": "drinking_water",
        "bottle": "yes",
        "button_operated": "yes",
        "check_date": "2026",
        "covered": "no",
        "description": "Pítko Jilská",
        "dog": "no",
        "fee": "no",
        "fountain": "spout",
        "indoor": "no",
        "manufacturer": "REX",
        "material": "cast_iron",
        "model": "Orfeus",
        "opening_hours": "24/7",
        "operator": "Praha 1",
        "ref:prazskapitka": "20",
        "seasonal": "summer",
        "water_flow": "normal",
        "wheelchair": "no"
      }
    },
    {
      "type": "Feature",
      "geometry": {
        "type": "Point",
        "coordinates": [
          14.4291948,
          50.0973289
        ]
      },
      "properties": {
        "@type": "node",
        "@id": 1792408841,
        "@url": "https://www.openstreetmap.org/node/1792408841",
        "access": "yes",
        "activation": "button",
        "activation:action": "push",
        "amenity": "drinking_water",
        "bottle": "yes",
        "check_date": "2023-08-06",
        "description": "Pítko hřiště Kostelní",
        "dog": "no",
        "fee": "no",
        "fountain": "spout",
        "man_made": "water_tap",
        "material": "metal",
        "opening_hours": "08:00-20:00",
        "ref:prazskapitka": "172",
        "seasonal": "summer",
        "water_flow": "normal",
        "wheelchair": "yes"
      }
    },
    {
      "type": "Feature",
      "geometry": {
        "type": "Point",
        "coordinates": [
          14.3964481,
          50.0866791
        ]
      },
      "properties": {
        "@type": "node",
        "@id": 1952521702,
        "@url": "https://www.openstreetmap.org/node/1952521702",
        "access": "yes",
        "amenity": "drinking_water",
        "bottle": "yes",
        "button_operated": "yes",
        "check_date": "2025",
        "description": "Pítko hřiště Vlašská",
        "dog": "no",
        "fee": "no",
        "fountain": "spout",
        "manufacturer": "REX",
        "material": "cast_iron",
        "model": "Monachela",
        "opening_hours": "08:00-19:00",
        "ref:prazskapitka": "9",
        "seasonal": "summer",
        "source": "CZ:IPRPraha:ortofoto",
        "water_flow": "normal",
        "wheelchair": "limited"
      }
    },
    {
      "type": "Feature",
      "geometry": {
        "type": "Point",
        "coordinates": [
          14.4196288,
          50.0551972
        ]
      },
      "properties": {
        "@type": "node",
        "@id": 1964281856,
        "@url": "https://www.openstreetmap.org/node/1964281856",
        "access": "yes",
        "amenity": "drinking_water",
        "bottle": "yes",
        "button_operated": "yes",
        "check_date": "2026",
        "description": "Pítko Podolská",
        "dog": "no",
        "fee": "no",
        "fountain": "spout",
        "manufacturer": "Urbania",
        "material": "metal",
        "model": "Beata",
        "opening_hours": "24/7",
        "ref:prazskapitka": "123",
        "seasonal": "summer",
        "water_flow": "normal",
        "wheelchair": "yes"
      }
    },
    {
      "type": "Feature",
      "geometry": {
        "type": "Point",
        "coordinates": [
          14.4228037,
          50.0599975
        ]
      },
      "properties": {
        "@type": "node",
        "@id": 2155637176,
        "@url": "https://www.openstreetmap.org/node/2155637176",
        "access": "yes",
        "activation": "button",
        "activation:action": "push",
        "amenity": "drinking_water",
        "bottle": "yes",
        "check_date": "2026-04-04",
        "description": "Pítko park Na Topolce",
        "dog": "no",
        "fee": "no",
        "fountain": "spout",
        "material": "metal",
        "model": "Roma",
        "opening_hours": "24/7",
        "ref:prazskapitka": "125",
        "seasonal": "summer",
        "water_flow": "strong",
        "wheelchair": "limited"
      }
    },
    {
      "type": "Feature",
      "geometry": {
        "type": "Point",
        "coordinates": [
          14.4301672,
          50.048968
        ]
      },
      "properties": {
        "@type": "node",
        "@id": 2197114879,
        "@url": "https://www.openstreetmap.org/node/2197114879",
        "access": "yes",
        "amenity": "drinking_water",
        "bottle": "yes",
        "button_operated": "yes",
        "check_date": "2026",
        "description": "Pítko Centrální park Pankrác západ",
        "dog": "yes",
        "fee": "no",
        "fountain": "spout",
        "material": "metal",
        "model": "Roma",
        "opening_hours": "24/7",
        "ref:prazskapitka": "224",
        "seasonal": "summer",
        "source": "personal",
        "water_flow": "weak",
        "wheelchair": "yes"
      }
    },
    {
      "type": "Feature",
      "geometry": {
        "type": "Point",
        "coordinates": [
          14.4423153,
          50.069642
        ]
      },
      "properties": {
        "@type": "node",
        "@id": 2212953409,
        "@url": "https://www.openstreetmap.org/node/2212953409",
        "access": "yes",
        "activation": "button",
        "activation:action": "hold",
        "amenity": "drinking_water",
        "bottle": "yes",
        "check_date": "2025",
        "description": "Pítko Gröbovka západ",
        "dog": "no",
        "fee": "no",
        "fountain": "spout",
        "manufacturer": "REX",
        "material": "cast_iron",
        "model": "Orfeus",
        "opening_hours": "06:00-24:00",
        "ref:prazskapitka": "33",
        "seasonal": "summer",
        "source": "survey",
        "water_flow": "normal",
        "wheelchair": "yes"
      }
    },
    {
      "type": "Feature",
      "geometry": {
        "type": "Point",
        "coordinates": [
          14.4547074,
          50.0704764
        ]
      },
      "properties": {
        "@type": "node",
        "@id": 2213334809,
        "@url": "https://www.openstreetmap.org/node/2213334809",
        "access": "yes",
        "activation": "button",
        "activation:action": "hold",
        "amenity": "drinking_water",
        "bottle": "yes",
        "check_date": "2025",
        "description": "Pítko Heroldovy sady",
        "dog": "no",
        "fee": "no",
        "fountain": "bubbler",
        "opening_hours": "yes",
        "ref:prazskapitka": "32",
        "seasonal": "summer",
        "source": "survey",
        "water_flow": "normal",
        "wheelchair": "yes"
      }
    },
    {
      "type": "Feature",
      "geometry": {
        "type": "Point",
        "coordinates": [
          14.4488602,
          50.0782236
        ]
      },
      "properties": {
        "@type": "node",
        "@id": 2286089957,
        "@url": "https://www.openstreetmap.org/node/2286089957",
        "access": "yes",
        "activation": "turn_valve",
        "amenity": "drinking_water",
        "bottle": "yes",
        "check_date": "2026-08-02",
        "description": "Pítko Náměstí Jiřího z Poděbrad",
        "dog": "yes",
        "fee": "no",
        "fountain": "spout",
        "material": "metal",
        "opening_hours": "24/7",
        "ref:prazskapitka": "146",
        "seasonal": "summer",
        "water_flow": "adjustable",
        "wheelchair": "no"
      }
    },
    {
      "type": "Feature",
      "geometry": {
        "type": "Point",
        "coordinates": [
          14.4345534,
          50.0555815
        ]
      },
      "properties": {
        "@type": "node",
        "@id": 2329559538,
        "@url": "https://www.openstreetmap.org/node/2329559538",
        "access": "yes",
        "activation": "button",
        "activation:action": "push",
        "amenity": "drinking_water",
        "bottle": "yes",
        "check_date": "2026",
        "description": "Pítko Děkanská vinice I",
        "dog": "no",
        "fee": "no",
        "fountain": "spout",
        "manufacturer": "REX",
        "material": "cast_iron",
        "model": "Orfeus",
        "opening_hours": "24/7",
        "ref:prazskapitka": "199",
        "seasonal": "summer",
        "water_flow": "normal",
        "wheelchair": "yes"
      }
    },
    {
      "type": "Feature",
      "geometry": {
        "type": "Point",
        "coordinates": [
          14.4322504,
          50.0498406
        ]
      },
      "properties": {
        "@type": "node",
        "@id": 2375435872,
        "@url": "https://www.openstreetmap.org/node/2375435872",
        "access": "yes",
        "activation": "button",
        "activation:action": "push",
        "amenity": "drinking_water",
        "bottle": "yes",
        "check_date": "2026",
        "description": "Pítko Centrální park Pankrác východ",
        "dog": "no",
        "fee": "no",
        "fountain": "spout",
        "manufacturer": "REX",
        "material": "cast_iron",
        "model": "Orfeus",
        "opening_hours": "24/7",
        "ref:prazskapitka": "280",
        "seasonal": "summer",
        "water_flow": "normal",
        "wheelchair": "yes"
      }
    },
    {
      "type": "Feature",
      "geometry": {
        "type": "Point",
        "coordinates": [
          14.4968399,
          50.0358722
        ]
      },
      "properties": {
        "@type": "node",
        "@id": 3208290389,
        "@url": "https://www.openstreetmap.org/node/3208290389",
        "access": "yes",
        "activation": "button",
        "activation:action": "hold",
        "amenity": "drinking_water",
        "bottle": "yes",
        "check_date": "2026",
        "description": "Pítko Chodovská tvrz jih",
        "dog": "no",
        "fee": "no",
        "fountain": "bubbler",
        "material": "stone",
        "opening_hours": "24/7",
        "ref:prazskapitka": "284",
        "seasonal": "summer",
        "water_flow": "normal",
        "wheelchair": "yes"
      }
    },
    {
      "type": "Feature",
      "geometry": {
        "type": "Point",
        "coordinates": [
          14.4971313,
          50.0362532
        ]
      },
      "properties": {
        "@type": "node",
        "@id": 3208290390,
        "@url": "https://www.openstreetmap.org/node/3208290390",
        "access": "yes",
        "activation": "button",
        "activation:action": "hold",
        "amenity": "drinking_water",
        "bottle": "yes",
        "check_date": "2026",
        "description": "Pítko Chodovská tvrz sever",
        "dog": "no",
        "fee": "no",
        "fountain": "bubbler",
        "material": "stone",
        "opening_hours": "24/7",
        "ref:prazskapitka": "62",
        "seasonal": "summer",
        "water_flow": "normal",
        "wheelchair": "yes"
      }
    },
    {
      "type": "Feature",
      "geometry": {
        "type": "Point",
        "coordinates": [
          14.5021302,
          50.057109
        ]
      },
      "properties": {
        "@type": "node",
        "@id": 3248975337,
        "@url": "https://www.openstreetmap.org/node/3248975337",
        "access": "yes",
        "activation": "button",
        "activation:action": "push",
        "amenity": "drinking_water",
        "bottle": "yes",
        "check_date": "2025",
        "description": "Pítko park Chrpová Malinová",
        "dog": "no",
        "fee": "no",
        "fountain": "spout",
        "material": "metal",
        "opening_hours": "24/7",
        "operator": "Praha 10",
        "ref:prazskapitka": "66",
        "seasonal": "summer",
        "water_flow": "normal",
        "wheelchair": "yes"
      }
    },
    {
      "type": "Feature",
      "geometry": {
        "type": "Point",
        "coordinates": [
          14.4471385,
          50.0697551
        ]
      },
      "properties": {
        "@type": "node",
        "@id": 3270062087,
        "@url": "https://www.openstreetmap.org/node/3270062087",
        "access": "yes",
        "amenity": "drinking_water",
        "bottle": "yes",
        "button_operated": "yes",
        "check_date": "2026",
        "description": "Pítko Gröbovka východ",
        "dog": "no",
        "fee": "no",
        "fountain": "spout",
        "manufacturer": "REX",
        "material": "cast_iron",
        "model": "Orfeus",
        "opening_hours": "06:00-24:00",
        "ref:prazskapitka": "135",
        "seasonal": "summer",
        "source": "CZ:IPRPraha:ortofoto;survey",
        "water_flow": "normal",
        "wheelchair": "yes"
      }
    },
    {
      "type": "Feature",
      "geometry": {
        "type": "Point",
        "coordinates": [
          14.4264699,
          50.0961324
        ]
      },
      "properties": {
        "@type": "node",
        "@id": 3276828565,
        "@url": "https://www.openstreetmap.org/node/3276828565",
        "access": "yes",
        "activation": "turn_valve",
        "activation:action": "turn",
        "amenity": "drinking_water",
        "bottle": "yes",
        "check_date": "2025",
        "description": "Pítko Letenské sady východ",
        "dog": "no",
        "fee": "no",
        "fountain": "spout",
        "manufacturer": "REX",
        "material": "cast_iron",
        "model": "Orfeus",
        "opening_hours": "24/7",
        "ref:prazskapitka": "173",
        "seasonal": "summer",
        "source": "CZ:IPRPraha:ortofoto;survey",
        "water_flow": "adjustable",
        "wheelchair": "yes"
      }
    },
    {
      "type": "Feature",
      "geometry": {
        "type": "Point",
        "coordinates": [
          14.4823926,
          50.0321119
        ]
      },
      "properties": {
        "@type": "node",
        "@id": 3517331514,
        "@url": "https://www.openstreetmap.org/node/3517331514",
        "access": "yes",
        "activation": "pedal",
        "activation:action": "step_on",
        "amenity": "drinking_water",
        "bottle": "no",
        "check_date": "2026",
        "description": "Pítko Pošepného náměstí, toto pítko je spíše fontánka. Vývod vody je poškozen a voda teče tak malým proudem, že se tu nedá napít.",
        "dog": "no",
        "fee": "no",
        "fountain": "decorative",
        "material": "concrete",
        "name": "Rak",
        "opening_hours": "24/7",
        "ref:drobne_pamatky": "27925",
        "ref:prazskapitka": "60",
        "seasonal": "summer",
        "water_flow": "weak",
        "wheelchair": "limited",
        "wikidata": "Q94433544"
      }
    },
    {
      "type": "Feature",
      "geometry": {
        "type": "Point",
        "coordinates": [
          14.4897866,
          50.0771553
        ]
      },
      "properties": {
        "@type": "node",
        "@id": 3625093346,
        "@url": "https://www.openstreetmap.org/node/3625093346",
        "access": "yes",
        "activation": "pedal",
        "activation:action": "step_on",
        "amenity": "drinking_water",
        "bottle": "no",
        "check_date": "2025",
        "description": "Pítko park Ivana Jilemnického",
        "dog": "no",
        "fee": "no",
        "fountain": "decorative",
        "opening_hours": "24/7",
        "ref:drobne_pamatky": "11430",
        "ref:prazskapitka": "210",
        "seasonal": "summer",
        "source": "survey",
        "water_flow": "weak",
        "wheelchair": "no",
        "wikidata": "Q64816207"
      }
    },
    {
      "type": "Feature",
      "geometry": {
        "type": "Point",
        "coordinates": [
          14.4090555,
          50.0894137
        ]
      },
      "properties": {
        "@type": "node",
        "@id": 3650765694,
        "@url": "https://www.openstreetmap.org/node/3650765694",
        "access": "yes",
        "amenity": "drinking_water",
        "bottle": "yes",
        "button_operated": "yes",
        "check_date": "2026",
        "description": "Pítko Vojanovy sady",
        "dog": "no",
        "fee": "no",
        "fountain": "spout",
        "manufacturer": "REX",
        "material": "cast_iron",
        "model": "Orfeus",
        "opening_hours": "24/7",
        "ref:prazskapitka": "13",
        "seasonal": "summer",
        "source": "CZ:IPRPraha:ortofoto",
        "water_flow": "normal",
        "wheelchair": "yes"
      }
    },
    {
      "type": "Feature",
      "geometry": {
        "type": "Point",
        "coordinates": [
          14.4223403,
          50.0795738
        ]
      },
      "properties": {
        "@type": "node",
        "@id": 3651114828,
        "@url": "https://www.openstreetmap.org/node/3651114828",
        "access": "yes",
        "amenity": "drinking_water",
        "bottle": "yes",
        "button_operated": "yes",
        "check_date": "2026",
        "covered": "no",
        "description": "Pítko Vodičkova",
        "dog": "no",
        "fee": "no",
        "fountain": "spout",
        "indoor": "no",
        "material": "metal",
        "opening_hours": "24/7",
        "operator": "Praha 1",
        "ref:prazskapitka": "18",
        "seasonal": "summer",
        "source": "survey",
        "start_date": "2007",
        "water_flow": "normal",
        "wheelchair": "yes"
      }
    },
    {
      "type": "Feature",
      "geometry": {
        "type": "Point",
        "coordinates": [
          14.4193853,
          50.0708203
        ]
      },
      "properties": {
        "@type": "node",
        "@id": 3670590094,
        "@url": "https://www.openstreetmap.org/node/3670590094",
        "access": "yes",
        "activation": "lever",
        "activation:action": "push",
        "amenity": "drinking_water",
        "bottle": "yes",
        "check_date": "2026",
        "description": "Pítko Na Slupi",
        "dog": "no",
        "drinking_water": "yes",
        "fee": "no",
        "fountain": "spout",
        "material": "metal",
        "opening_hours": "24/7",
        "pump": "manual",
        "ref:prazskapitka": "167",
        "seasonal": "summer",
        "source": "survey",
        "water_flow": "normal",
        "wheelchair": "yes"
      }
    },
    {
      "type": "Feature",
      "geometry": {
        "type": "Point",
        "coordinates": [
          14.3928621,
          50.0771227
        ]
      },
      "properties": {
        "@type": "node",
        "@id": 3681899834,
        "@url": "https://www.openstreetmap.org/node/3681899834",
        "access": "yes",
        "activation": "continuous",
        "amenity": "drinking_water",
        "bottle": "yes",
        "check_date": "2025",
        "description": "Pítko Na Hřebenkách",
        "dog": "no",
        "fee": "no",
        "fountain": "decorative",
        "indoor": "no",
        "opening_hours": "24/7",
        "ref:prazskapitka": "252",
        "seasonal": "summer",
        "source": "CZ:IPRPraha:ortofoto",
        "water_flow": "weak",
        "wheelchair": "no"
      }
    },
    {
      "type": "Feature",
      "geometry": {
        "type": "Point",
        "coordinates": [
          14.4298335,
          50.0878383
        ]
      },
      "properties": {
        "@type": "node",
        "@id": 3681899837,
        "@url": "https://www.openstreetmap.org/node/3681899837",
        "access": "yes",
        "activation": "continuous",
        "amenity": "drinking_water",
        "bottle": "no",
        "check_date": "2026",
        "description": "Pítko Náměstí Republiky",
        "dog": "no",
        "fee": "no",
        "fountain": "bubbler",
        "indoor": "no",
        "material": "stone",
        "opening_hours": "24/7",
        "operational_status": "degraded",
        "ref:prazskapitka": "295",
        "seasonal": "summer",
        "source": "CZ:IPRPraha:ortofoto",
        "water_flow": "weak",
        "wheelchair": "yes"
      }
    },
    {
      "type": "Feature",
      "geometry": {
        "type": "Point",
        "coordinates": [
          14.4237661,
          50.0879647
        ]
      },
      "properties": {
        "@type": "node",
        "@id": 3681899838,
        "@url": "https://www.openstreetmap.org/node/3681899838",
        "access": "yes",
        "activation": "pedal",
        "activation:action": "step_on",
        "amenity": "drinking_water",
        "bottle": "no",
        "check_date": "2026-05-18",
        "description": "Pítko Ungelt",
        "dog": "no",
        "fee": "no",
        "fountain": "bubbler",
        "indoor": "no",
        "material": "stone",
        "opening_hours": "24/7",
        "ref:prazskapitka": "47",
        "seasonal": "summer",
        "water_flow": "weak",
        "wheelchair": "no"
      }
    },
    {
      "type": "Feature",
      "geometry": {
        "type": "Point",
        "coordinates": [
          14.3673399,
          50.1013831
        ]
      },
      "properties": {
        "@type": "node",
        "@id": 3681899839,
        "@url": "https://www.openstreetmap.org/node/3681899839",
        "access": "yes",
        "amenity": "drinking_water",
        "bottle": "yes",
        "button_operated": "yes",
        "check_date": "2025",
        "description": "Pítko park Pernikářka",
        "dog": "no",
        "fee": "no",
        "fountain": "spout",
        "indoor": "no",
        "manufacturer": "REX",
        "material": "cast_iron",
        "model": "Orfeus",
        "opening_hours": "24/7",
        "ref:prazskapitka": "52",
        "seasonal": "summer",
        "source": "CZ:IPRPraha:ortofoto",
        "water_flow": "strong",
        "wheelchair": "yes"
      }
    },
    {
      "type": "Feature",
      "geometry": {
        "type": "Point",
        "coordinates": [
          14.3758479,
          50.0821919
        ]
      },
      "properties": {
        "@type": "node",
        "@id": 3685059371,
        "@url": "https://www.openstreetmap.org/node/3685059371",
        "access": "yes",
        "activation": "button",
        "activation:action": "push",
        "amenity": "drinking_water",
        "bottle": "yes",
        "button_operated": "yes",
        "check_date": "2026",
        "description": "Pítko Za Strahovem",
        "dog": "no",
        "fee": "no",
        "fountain": "spout",
        "manufacturer": "REX",
        "material": "cast_iron",
        "model": "Orfeus",
        "opening_hours": "24/7",
        "ref:prazskapitka": "246",
        "seasonal": "summer",
        "water_flow": "normal",
        "wheelchair": "yes",
        "wikimedia_commons": "File:Pitná_voda_at_14.37584,50.08217_-_OsmAPP.jpg"
      }
    },
    {
      "type": "Feature",
      "geometry": {
        "type": "Point",
        "coordinates": [
          14.3814763,
          50.0830195
        ]
      },
      "properties": {
        "@type": "node",
        "@id": 3736200540,
        "@url": "https://www.openstreetmap.org/node/3736200540",
        "access": "yes",
        "activation": "button",
        "activation:action": "push",
        "amenity": "drinking_water",
        "bottle": "yes",
        "button_operated": "yes",
        "check_date": "2026-05-18",
        "description": "Pítko hřiště Královka",
        "dog": "no",
        "fee": "no",
        "fountain": "spout",
        "manufacturer": "REX",
        "material": "cast_iron",
        "model": "Orfeus",
        "ref:prazskapitka": "276",
        "seasonal": "summer",
        "source": "survey",
        "water_flow": "normal",
        "wheelchair": "yes"
      }
    },
    {
      "type": "Feature",
      "geometry": {
        "type": "Point",
        "coordinates": [
          14.448739,
          50.0803169
        ]
      },
      "properties": {
        "@type": "node",
        "@id": 3762000728,
        "@url": "https://www.openstreetmap.org/node/3762000728",
        "access": "yes",
        "activation": "button",
        "activation:action": "push",
        "amenity": "drinking_water",
        "bottle": "yes",
        "check_date": "2026",
        "description": "Pítko Škroupovo náměstí",
        "dog": "no",
        "fee": "no",
        "fountain": "spout",
        "man_made": "water_tap",
        "manufacturer": "Metalco",
        "material": "metal",
        "model": "Fuente_E",
        "opening_hours": "24/7",
        "ref:prazskapitka": "145",
        "seasonal": "summer",
        "water_flow": "normal",
        "wheelchair": "yes"
      }
    },
    {
      "type": "Feature",
      "geometry": {
        "type": "Point",
        "coordinates": [
          14.4210688,
          50.063622
        ]
      },
      "properties": {
        "@type": "node",
        "@id": 3809563992,
        "@url": "https://www.openstreetmap.org/node/3809563992",
        "access": "yes",
        "amenity": "drinking_water",
        "bottle": "yes",
        "button_operated": "yes",
        "check_date": "2026",
        "description": "Pítko hřiště Soběslavova",
        "dog": "no",
        "fee": "no",
        "fountain": "spout",
        "manufacturer": "REX",
        "material": "cast_iron",
        "model": "Monachela",
        "ref:prazskapitka": "126",
        "seasonal": "summer",
        "source": "CZ:IPRPraha:ortofoto;survey",
        "water_flow": "normal",
        "wheelchair": "limited"
      }
    },
    {
      "type": "Feature",
      "geometry": {
        "type": "Point",
        "coordinates": [
          14.4098806,
          50.1051534
        ]
      },
      "properties": {
        "@type": "node",
        "@id": 3812775562,
        "@url": "https://www.openstreetmap.org/node/3812775562",
        "access": "yes",
        "activation": "turn_valve",
        "amenity": "drinking_water",
        "bottle": "yes",
        "check_date": "2025",
        "description": "Pítko Stromovka západ",
        "dog": "no",
        "fee": "no",
        "fountain": "spout",
        "manufacturer": "REX",
        "material": "cast_iron",
        "model": "Orfeus",
        "opening_hours": "24/7",
        "ref:prazskapitka": "208",
        "seasonal": "summer",
        "source": "CZ:IPRPraha:ortofoto;survey",
        "water_flow": "adjustable",
        "wheelchair": "yes"
      }
    },
    {
      "type": "Feature",
      "geometry": {
        "type": "Point",
        "coordinates": [
          14.4045017,
          50.0764986
        ]
      },
      "properties": {
        "@type": "node",
        "@id": 3870431360,
        "@url": "https://www.openstreetmap.org/node/3870431360",
        "access": "yes",
        "activation": "turn_valve",
        "amenity": "drinking_water",
        "bottle": "yes",
        "check_date": "2026-07-15",
        "description": "Pítko Arbesovo náměstí",
        "dog": "no",
        "fee": "no",
        "fountain": "spout",
        "manufacturer": "REX",
        "model": "Orfeus",
        "opening_hours": "24/7",
        "operator": "Praha 5",
        "ref:prazskapitka": "5",
        "seasonal": "summer",
        "source": "survey",
        "water_flow": "adjustable",
        "wheelchair": "yes"
      }
    },
    {
      "type": "Feature",
      "geometry": {
        "type": "Point",
        "coordinates": [
          14.3910253,
          50.0991037
        ]
      },
      "properties": {
        "@type": "node",
        "@id": 3995893512,
        "@url": "https://www.openstreetmap.org/node/3995893512",
        "access": "yes",
        "amenity": "drinking_water",
        "bottle": "yes",
        "button_operated": "yes",
        "check_date": "2026",
        "description": "Pítko Kafkova",
        "dog": "no",
        "fee": "no",
        "fountain": "spout",
        "man_made": "water_tap",
        "manufacturer": "Urbania",
        "material": "metal",
        "model": "Beata",
        "opening_hours": "24/7",
        "ref:prazskapitka": "11",
        "seasonal": "summer",
        "water_flow": "strong",
        "wheelchair": "yes"
      }
    },
    {
      "type": "Feature",
      "geometry": {
        "type": "Point",
        "coordinates": [
          14.3913395,
          50.0995952
        ]
      },
      "properties": {
        "@type": "node",
        "@id": 4005175380,
        "@url": "https://www.openstreetmap.org/node/4005175380",
        "access": "yes",
        "amenity": "drinking_water",
        "bottle": "yes",
        "button_operated": "yes",
        "check_date": "2026",
        "description": "Pítko Evropská východ",
        "dog": "no",
        "fee": "no",
        "fountain": "spout",
        "man_made": "water_tap",
        "manufacturer": "Urbania",
        "material": "metal",
        "model": "Beata",
        "opening_hours": "24/7",
        "ref:prazskapitka": "12",
        "seasonal": "summer",
        "water_flow": "normal",
        "wheelchair": "yes"
      }
    },
    {
      "type": "Feature",
      "geometry": {
        "type": "Point",
        "coordinates": [
          14.4034719,
          50.079245
        ]
      },
      "properties": {
        "@type": "node",
        "@id": 4157907156,
        "@url": "https://www.openstreetmap.org/node/4157907156",
        "access": "yes",
        "amenity": "drinking_water",
        "bottle": "yes",
        "button_operated": "yes",
        "check_date": "2026",
        "description": "Pítko hřiště Zahrada Kinských",
        "dog": "no",
        "fee": "no",
        "fountain": "spout",
        "indoor": "no",
        "manufacturer": "Benito",
        "material": "metal",
        "model": "Egea",
        "opening_hours": "09:00-19:00",
        "ref:prazskapitka": "114",
        "seasonal": "summer",
        "source": "survey",
        "water_flow": "normal",
        "wheelchair": "yes"
      }
    },
    {
      "type": "Feature",
      "geometry": {
        "type": "Point",
        "coordinates": [
          14.4943242,
          50.0707874
        ]
      },
      "properties": {
        "@type": "node",
        "@id": 4174087521,
        "@url": "https://www.openstreetmap.org/node/4174087521",
        "access": "yes",
        "activation": "pedal",
        "activation:action": "step_on",
        "amenity": "drinking_water",
        "bottle": "no",
        "check_date": "2025",
        "covered": "no",
        "description": "Pítko V Zátočce",
        "dog": "no",
        "fee": "no",
        "fountain": "decorative",
        "indoor": "no",
        "material": "stone",
        "opening_hours": "24/7",
        "ref:prazskapitka": "162",
        "seasonal": "summer",
        "source": "s",
        "water_flow": "strong",
        "wheelchair": "no"
      }
    },
    {
      "type": "Feature",
      "geometry": {
        "type": "Point",
        "coordinates": [
          14.3457385,
          50.089019
        ]
      },
      "properties": {
        "@type": "node",
        "@id": 4188877391,
        "@url": "https://www.openstreetmap.org/node/4188877391",
        "access": "yes",
        "amenity": "drinking_water",
        "bottle": "yes",
        "button_operated": "yes",
        "check_date": "2025",
        "description": "Pítko Petřiny (typ Orfeus zasazený v zemi)",
        "dog": "no",
        "fee": "no",
        "fountain": "spout",
        "manufacturer": "REX",
        "material": "cast_iron",
        "model": "Orfeus",
        "opening_hours": "24/7",
        "ref:prazskapitka": "53",
        "seasonal": "summer",
        "source": "gps",
        "water_flow": "normal",
        "wheelchair": "yes"
      }
    },
    {
      "type": "Feature",
      "geometry": {
        "type": "Point",
        "coordinates": [
          14.4486988,
          50.0760621
        ]
      },
      "properties": {
        "@type": "node",
        "@id": 4305061077,
        "@url": "https://www.openstreetmap.org/node/4305061077",
        "access": "yes",
        "activation": "button",
        "activation:action": "hold",
        "amenity": "drinking_water",
        "bottle": "yes",
        "check_date": "2026",
        "description": "Pítko hřiště U Vodárny",
        "dog": "no",
        "fee": "no",
        "fountain": "bubbler",
        "manufacturer": "azp",
        "material": "metal",
        "model": "AFO_01",
        "opening_hours": "08:00-21:00",
        "ref:prazskapitka": "147",
        "seasonal": "summer",
        "water_flow": "normal",
        "wheelchair": "yes"
      }
    },
    {
      "type": "Feature",
      "geometry": {
        "type": "Point",
        "coordinates": [
          14.4130668,
          50.0776357
        ]
      },
      "properties": {
        "@type": "node",
        "@id": 4317595066,
        "@url": "https://www.openstreetmap.org/node/4317595066",
        "access": "yes",
        "amenity": "drinking_water",
        "bottle": "yes",
        "button_operated": "yes",
        "check_date": "2026",
        "description": "Pítko Slovanský ostrov",
        "dog": "no",
        "fee": "no",
        "fountain": "spout",
        "manufacturer": "Benito",
        "material": "metal",
        "model": "Egea",
        "opening_hours": "24/7",
        "ref:prazskapitka": "211",
        "seasonal": "summer",
        "source": "CZ:IPRPraha:ortofoto;survey",
        "water_flow": "normal",
        "wheelchair": "yes"
      }
    },
    {
      "type": "Feature",
      "geometry": {
        "type": "Point",
        "coordinates": [
          14.4257119,
          50.0917214
        ]
      },
      "properties": {
        "@type": "node",
        "@id": 4317595071,
        "@url": "https://www.openstreetmap.org/node/4317595071",
        "access": "yes",
        "activation": "button",
        "activation:action": "hold",
        "amenity": "drinking_water",
        "bottle": "yes",
        "check_date": "2025",
        "description": "Pítko hřiště Za Haštalem",
        "dog": "no",
        "fee": "no",
        "fountain": "spout",
        "man_made": "water_tap",
        "manufacturer": "REX",
        "material": "cast_iron",
        "model": "Monachela",
        "opening_hours": "08:00-19:00",
        "ref:prazskapitka": "23",
        "seasonal": "summer",
        "water_flow": "strong",
        "wheelchair": "yes"
      }
    },
    {
      "type": "Feature",
      "geometry": {
        "type": "Point",
        "coordinates": [
          14.4161765,
          50.0681792
        ]
      },
      "properties": {
        "@type": "node",
        "@id": 4317651933,
        "@url": "https://www.openstreetmap.org/node/4317651933",
        "access": "yes",
        "amenity": "drinking_water",
        "bottle": "yes",
        "button_operated": "yes",
        "check_date": "2026",
        "description": "Pítko hřiště Výtoň",
        "dog": "no",
        "fee": "no",
        "fountain": "spout",
        "manufacturer": "Sanela",
        "material": "metal",
        "model": "SLUN",
        "ref:prazskapitka": "4",
        "seasonal": "summer",
        "source": "survey",
        "water_flow": "normal",
        "wheelchair": "yes"
      }
    },
    {
      "type": "Feature",
      "geometry": {
        "type": "Point",
        "coordinates": [
          14.4090805,
          50.0869745
        ]
      },
      "properties": {
        "@type": "node",
        "@id": 4317651934,
        "@url": "https://www.openstreetmap.org/node/4317651934",
        "access": "yes",
        "amenity": "drinking_water",
        "bottle": "yes",
        "button_operated": "yes",
        "check_date": "2026",
        "description": "Pítko hřiště Kampapark",
        "dog": "no",
        "fee": "no",
        "fountain": "spout",
        "manufacturer": "Urbania",
        "material": "metal",
        "model": "Escape",
        "opening_hours": "08:00-19:00",
        "ref:prazskapitka": "185",
        "seasonal": "summer",
        "water_flow": "normal",
        "wheelchair": "yes"
      }
    },
    {
      "type": "Feature",
      "geometry": {
        "type": "Point",
        "coordinates": [
          14.4572595,
          50.0650015
        ]
      },
      "properties": {
        "@type": "node",
        "@id": 4319204985,
        "@url": "https://www.openstreetmap.org/node/4319204985",
        "access": "yes",
        "activation": "button",
        "activation:action": "push",
        "amenity": "drinking_water",
        "bottle": "yes",
        "check_date": "2026",
        "description": "Pítko hřiště Přípotoční",
        "dog": "no",
        "fee": "no",
        "fountain": "spout",
        "manufacturer": "Urbania",
        "material": "metal",
        "model": "Escape",
        "opening_hours": "yes",
        "ref:prazskapitka": "160",
        "seasonal": "summer",
        "water_flow": "normal",
        "wheelchair": "limited"
      }
    },
    {
      "type": "Feature",
      "geometry": {
        "type": "Point",
        "coordinates": [
          14.4482251,
          50.0665996
        ]
      },
      "properties": {
        "@type": "node",
        "@id": 4319204986,
        "@url": "https://www.openstreetmap.org/node/4319204986",
        "access": "yes",
        "amenity": "drinking_water",
        "bottle": "yes",
        "button_operated": "yes",
        "check_date": "2026",
        "description": "Pítko Park Jiřího Koláře",
        "dog": "no",
        "fee": "no",
        "fountain": "spout",
        "manufacturer": "Urbidermis",
        "material": "metal",
        "model": "Caudal",
        "opening_hours": "24/7",
        "ref:prazskapitka": "158",
        "seasonal": "summer",
        "source": "CZ:IPRPraha:ortofoto",
        "water_flow": "normal",
        "wheelchair": "yes"
      }
    },
    {
      "type": "Feature",
      "geometry": {
        "type": "Point",
        "coordinates": [
          14.447972,
          50.0928488
        ]
      },
      "properties": {
        "@type": "node",
        "@id": 4319204987,
        "@url": "https://www.openstreetmap.org/node/4319204987",
        "access": "yes",
        "amenity": "drinking_water",
        "bottle": "yes",
        "button_operated": "yes",
        "check_date": "2026",
        "description": "Pítko hřiště Karlínské náměstí",
        "dog": "no",
        "fee": "no",
        "fountain": "spout",
        "manufacturer": "REX",
        "material": "cast_iron",
        "model": "Venezia",
        "ref:prazskapitka": "129",
        "seasonal": "summer",
        "water_flow": "normal",
        "wheelchair": "no"
      }
    },
    {
      "type": "Feature",
      "geometry": {
        "type": "Point",
        "coordinates": [
          14.4030507,
          50.0835023
        ]
      },
      "properties": {
        "@type": "node",
        "@id": 4338231776,
        "@url": "https://www.openstreetmap.org/node/4338231776",
        "access": "yes",
        "amenity": "drinking_water",
        "bottle": "yes",
        "button_operated": "yes",
        "check_date": "2026",
        "description": "Pítko hřiště Seminářská zahrada",
        "dog": "no",
        "fee": "no",
        "fountain": "spout",
        "manufacturer": "REX",
        "material": "cast_iron",
        "model": "Athena",
        "ref:prazskapitka": "7",
        "seasonal": "summer",
        "source": "CZ:IPRPraha:ortofoto",
        "water_flow": "normal",
        "wheelchair": "limited"
      }
    },
    {
      "type": "Feature",
      "geometry": {
        "type": "Point",
        "coordinates": [
          14.4205883,
          50.0846153
        ]
      },
      "properties": {
        "@type": "node",
        "@id": 4342247851,
        "@url": "https://www.openstreetmap.org/node/4342247851",
        "access": "yes",
        "activation": "continuous",
        "amenity": "drinking_water",
        "bottle": "yes",
        "check_date": "2026",
        "description": "Pítko Havelské tržiště, zapnuté v době kdy je otevřený trh",
        "dog": "no",
        "fee": "no",
        "fountain": "decorative",
        "material": "stone",
        "opening_hours": "yes",
        "ref:prazskapitka": "21",
        "seasonal": "summer",
        "source": "survey",
        "water_flow": "normal",
        "wheelchair": "no"
      }
    },
    {
      "type": "Feature",
      "geometry": {
        "type": "Point",
        "coordinates": [
          14.4213332,
          50.1054347
        ]
      },
      "properties": {
        "@type": "node",
        "@id": 4349048321,
        "@url": "https://www.openstreetmap.org/node/4349048321",
        "access": "yes",
        "activation": "turn_valve",
        "amenity": "drinking_water",
        "bottle": "yes",
        "check_date": "2025",
        "description": "Pítko Stromovka východ",
        "dog": "no",
        "fee": "no",
        "fountain": "spout",
        "man_made": "water_tap",
        "manufacturer": "REX",
        "material": "cast_iron",
        "model": "Orfeus",
        "opening_hours": "24/7",
        "ref:prazskapitka": "275",
        "seasonal": "summer",
        "source": "CZ:IPRPraha:ortofoto;survey",
        "water_flow": "adjustable",
        "wheelchair": "yes"
      }
    },
    {
      "type": "Feature",
      "geometry": {
        "type": "Point",
        "coordinates": [
          14.4968525,
          50.0849221
        ]
      },
      "properties": {
        "@type": "node",
        "@id": 4426509413,
        "@url": "https://www.openstreetmap.org/node/4426509413",
        "access": "yes",
        "activation": "button",
        "activation:action": "push",
        "amenity": "drinking_water",
        "bottle": "yes",
        "check_date": "2025",
        "description": "Pítko Malešický park severozápad",
        "dog": "no",
        "fee": "no",
        "fountain": "spout",
        "manufacturer": "Urbania",
        "material": "metal",
        "model": "Escape",
        "opening_hours": "24/7",
        "ref:prazskapitka": "299",
        "seasonal": "summer",
        "water_flow": "normal",
        "wheelchair": "yes"
      }
    },
    {
      "type": "Feature",
      "geometry": {
        "type": "Point",
        "coordinates": [
          14.3911107,
          50.0893216
        ]
      },
      "properties": {
        "@type": "node",
        "@id": 4716314662,
        "@url": "https://www.openstreetmap.org/node/4716314662",
        "access": "yes",
        "activation": "continuous",
        "amenity": "drinking_water",
        "bottle": "yes",
        "check_date": "2025",
        "description": "Pítko Loretánské náměstí, zde nevím co je to za zdroj vody",
        "dog": "no",
        "fee": "no",
        "fountain": "decorative",
        "indoor": "no",
        "opening_hours": "24/7",
        "ref:drobne_pamatky": "28617",
        "ref:prazskapitka": "41",
        "seasonal": "summer",
        "source": "CZ:IPRPraha:ortofoto",
        "water_flow": "weak",
        "wheelchair": "yes",
        "wikidata": "Q94440109"
      }
    },
    {
      "type": "Feature",
      "geometry": {
        "type": "Point",
        "coordinates": [
          14.4198679,
          50.0959552
        ]
      },
      "properties": {
        "@type": "node",
        "@id": 4716314664,
        "@url": "https://www.openstreetmap.org/node/4716314664",
        "access": "yes",
        "activation": "button",
        "activation:action": "push",
        "amenity": "drinking_water",
        "bottle": "yes",
        "check_date": "2026-07-28",
        "covered": "no",
        "description": "Pítko Letenské sady západ",
        "dog": "no",
        "drinking_water": "yes",
        "fee": "no",
        "fountain": "spout",
        "indoor": "no",
        "lit": "yes",
        "man_made": "water_tap",
        "manufacturer": "REX",
        "material": "cast_iron",
        "model": "Orfeus",
        "opening_hours": "24/7",
        "ref:prazskapitka": "268",
        "seasonal": "summer",
        "source": "CZ:IPRPraha:ortofoto;local knowledge",
        "water_flow": "normal",
        "wheelchair": "yes"
      }
    },
    {
      "type": "Feature",
      "geometry": {
        "type": "Point",
        "coordinates": [
          14.4232026,
          50.102956
        ]
      },
      "properties": {
        "@type": "node",
        "@id": 4723574035,
        "@url": "https://www.openstreetmap.org/node/4723574035",
        "access": "yes",
        "activation": "turn_valve",
        "amenity": "drinking_water",
        "bottle": "yes",
        "check_date": "2025",
        "description": "Pítko Nad Královskou oborou",
        "dog": "no",
        "fee": "no",
        "fountain": "spout",
        "model": "Orfeus_double",
        "opening_hours": "24/7",
        "ref:prazskapitka": "279",
        "seasonal": "summer",
        "source": "CZ:IPRPraha:ortofoto;survey",
        "water_flow": "adjustable",
        "wheelchair": "yes"
      }
    },
    {
      "type": "Feature",
      "geometry": {
        "type": "Point",
        "coordinates": [
          14.4798005,
          50.0432349
        ]
      },
      "properties": {
        "@type": "node",
        "@id": 4832601041,
        "@url": "https://www.openstreetmap.org/node/4832601041",
        "access": "yes",
        "activation": "button",
        "activation:action": "push",
        "amenity": "drinking_water",
        "bottle": "yes",
        "check_date": "2026",
        "description": "Pítko Jihozápadní I",
        "dog": "no",
        "fee": "no",
        "fountain": "spout",
        "manufacturer": "REX",
        "material": "cast_iron",
        "model": "Monachela",
        "opening_hours": "24/7",
        "ref:prazskapitka": "267",
        "seasonal": "summer",
        "water_flow": "normal",
        "wheelchair": "limited"
      }
    },
    {
      "type": "Feature",
      "geometry": {
        "type": "Point",
        "coordinates": [
          14.4469196,
          50.0929163
        ]
      },
      "properties": {
        "@type": "node",
        "@id": 5020390154,
        "@url": "https://www.openstreetmap.org/node/5020390154",
        "access": "yes",
        "amenity": "drinking_water",
        "bottle": "yes",
        "button_operated": "yes",
        "check_date": "2026",
        "description": "Pítko Karlínské náměstí západ",
        "dog": "no",
        "fee": "no",
        "fountain": "spout",
        "manufacturer": "REX",
        "material": "cast_iron",
        "model": "Venezia",
        "opening_hours": "24/7",
        "ref:prazskapitka": "24",
        "seasonal": "summer",
        "source": "survey",
        "water_flow": "normal",
        "wheelchair": "yes"
      }
    },
    {
      "type": "Feature",
      "geometry": {
        "type": "Point",
        "coordinates": [
          14.6695168,
          50.0950877
        ]
      },
      "properties": {
        "@type": "node",
        "@id": 5046424425,
        "@url": "https://www.openstreetmap.org/node/5046424425",
        "access": "yes",
        "activation": "button",
        "activation:action": "push",
        "amenity": "drinking_water",
        "bottle": "yes",
        "check_date": "2026",
        "description": "Pítko Klánovice",
        "dog": "no",
        "fee": "no",
        "fountain": "spout",
        "manufacturer": "Metalco",
        "material": "metal",
        "model": "Fuente_R",
        "opening_hours": "24/7",
        "ref:prazskapitka": "201",
        "seasonal": "summer",
        "water_flow": "normal",
        "wheelchair": "yes"
      }
    },
    {
      "type": "Feature",
      "geometry": {
        "type": "Point",
        "coordinates": [
          14.350755,
          50.0508752
        ]
      },
      "properties": {
        "@type": "node",
        "@id": 5065564736,
        "@url": "https://www.openstreetmap.org/node/5065564736",
        "access": "yes",
        "amenity": "drinking_water",
        "bottle": "yes",
        "button_operated": "yes",
        "check_date": "2025",
        "description": "Pítko Nové Butovice metro",
        "dog": "no",
        "fee": "no",
        "fountain": "spout",
        "opening_hours": "24/7",
        "ref:prazskapitka": "71",
        "seasonal": "summer",
        "water_flow": "normal",
        "wheelchair": "yes"
      }
    },
    {
      "type": "Feature",
      "geometry": {
        "type": "Point",
        "coordinates": [
          14.4079287,
          50.083219
        ]
      },
      "properties": {
        "@type": "node",
        "@id": 5072313903,
        "@url": "https://www.openstreetmap.org/node/5072313903",
        "access": "yes",
        "activation": "turn_valve",
        "activation:action": "turn",
        "amenity": "drinking_water",
        "bottle": "yes",
        "check_date": "2026",
        "description": "Pítko hřiště Kampa",
        "dog": "no",
        "drinking_water": "yes",
        "fee": "no",
        "fountain": "spout",
        "manufacturer": "REX",
        "material": "cast_iron",
        "model": "Orfeus",
        "opening_hours": "08:00-19:01",
        "ref:prazskapitka": "128",
        "seasonal": "summer",
        "source": "survey",
        "water_flow": "adjustable",
        "wheelchair": "yes"
      }
    },
    {
      "type": "Feature",
      "geometry": {
        "type": "Point",
        "coordinates": [
          14.4356268,
          50.098688
        ]
      },
      "properties": {
        "@type": "node",
        "@id": 5135376140,
        "@url": "https://www.openstreetmap.org/node/5135376140",
        "access": "yes",
        "amenity": "drinking_water",
        "bottle": "yes",
        "button_operated": "yes",
        "check_date": "2025",
        "description": "Pítko Strossmayerovo náměstí za kostelem",
        "dog": "no",
        "fee": "no",
        "fountain": "spout",
        "manufacturer": "REX",
        "material": "cast_iron",
        "model": "Orfeus",
        "opening_hours": "07:00-22:00",
        "ref:prazskapitka": "193",
        "seasonal": "summer",
        "source": "CZ:IPRPraha:ortofoto;survey",
        "water_flow": "normal",
        "wheelchair": "yes"
      }
    },
    {
      "type": "Feature",
      "geometry": {
        "type": "Point",
        "coordinates": [
          14.4644964,
          50.0856649
        ]
      },
      "properties": {
        "@type": "node",
        "@id": 5520369673,
        "@url": "https://www.openstreetmap.org/node/5520369673",
        "access": "yes",
        "activation": "turn_valve",
        "amenity": "drinking_water",
        "bottle": "yes",
        "check_date": "2026",
        "description": "Pítko Parukářka jihovýchod",
        "dog": "no",
        "fee": "no",
        "fountain": "spout",
        "manufacturer": "Metalco",
        "material": "metal",
        "model": "Fuente_E",
        "opening_hours": "24/7",
        "operator": "Praha 3",
        "ref:prazskapitka": "132",
        "seasonal": "summer",
        "water_flow": "adjustable",
        "wheelchair": "yes"
      }
    },
    {
      "type": "Feature",
      "geometry": {
        "type": "Point",
        "coordinates": [
          14.4830645,
          50.0135383
        ]
      },
      "properties": {
        "@type": "node",
        "@id": 5563964491,
        "@url": "https://www.openstreetmap.org/node/5563964491",
        "access": "yes",
        "amenity": "drinking_water",
        "bottle": "yes",
        "button_operated": "yes",
        "check_date": "2026",
        "description": "Pítko Kunratice",
        "dog": "no",
        "fee": "no",
        "fountain": "spout",
        "material": "metal",
        "opening_hours": "24/7",
        "ref:prazskapitka": "82",
        "seasonal": "summer",
        "water_flow": "normal",
        "wheelchair": "yes"
      }
    },
    {
      "type": "Feature",
      "geometry": {
        "type": "Point",
        "coordinates": [
          14.3930877,
          50.0857517
        ]
      },
      "properties": {
        "@type": "node",
        "@id": 5604939695,
        "@url": "https://www.openstreetmap.org/node/5604939695",
        "access": "yes",
        "activation": "turn_valve",
        "amenity": "drinking_water",
        "bottle": "yes",
        "check_date": "2022",
        "description": "Pítko Strahovská zahrada",
        "dog": "no",
        "fee": "no",
        "fountain": "spout",
        "manufacturer": "REX",
        "material": "cast_iron",
        "model": "Orfeus",
        "note": "Mimo provoz 12.6.2019",
        "opening_hours": "24/7",
        "ref:prazskapitka": "10",
        "seasonal": "summer",
        "source": "survey;CZ:IPRPraha:ortofoto",
        "water_flow": "adjustable",
        "wheelchair": "yes"
      }
    },
    {
      "type": "Feature",
      "geometry": {
        "type": "Point",
        "coordinates": [
          14.3931458,
          49.9764048
        ]
      },
      "properties": {
        "@type": "node",
        "@id": 6316788766,
        "@url": "https://www.openstreetmap.org/node/6316788766",
        "access": "yes",
        "amenity": "drinking_water",
        "bottle": "yes",
        "button_operated": "yes",
        "check_date": "2025",
        "description": "Pítko Zbraslavské náměstí",
        "dog": "no",
        "fee": "no",
        "fountain": "spout",
        "manufacturer": "REX",
        "material": "cast_iron",
        "model": "Monachela",
        "opening_hours": "24/7",
        "ref:prazskapitka": "161",
        "seasonal": "summer",
        "water_flow": "normal",
        "wheelchair": "yes"
      }
    },
    {
      "type": "Feature",
      "geometry": {
        "type": "Point",
        "coordinates": [
          14.4980592,
          50.0851671
        ]
      },
      "properties": {
        "@type": "node",
        "@id": 6538854575,
        "@url": "https://www.openstreetmap.org/node/6538854575",
        "access": "yes",
        "activation": "button",
        "activation:action": "push",
        "amenity": "drinking_water",
        "bottle": "yes",
        "check_date": "2025",
        "description": "Pítko Malešický park sever",
        "dog": "no",
        "fee": "no",
        "fountain": "spout",
        "manufacturer": "Urbania",
        "material": "metal",
        "model": "Escape",
        "opening_hours": "24/7",
        "ref:prazskapitka": "151",
        "seasonal": "summer",
        "water_flow": "normal",
        "wheelchair": "yes"
      }
    },
    {
      "type": "Feature",
      "geometry": {
        "type": "Point",
        "coordinates": [
          14.4248933,
          50.0815993
        ]
      },
      "properties": {
        "@type": "node",
        "@id": 6571875561,
        "@url": "https://www.openstreetmap.org/node/6571875561",
        "access": "yes",
        "activation": "continuous",
        "amenity": "drinking_water",
        "bottle": "yes",
        "check_date": "2026",
        "description": "Pítko pasáž Langhans",
        "dog": "no",
        "fee": "no",
        "fountain": "spout",
        "material": "stone",
        "opening_hours": "Mo-Fr 09:00-19:00; Sa 10:00-18:00",
        "ref:prazskapitka": "240",
        "seasonal": "summer",
        "water_flow": "normal",
        "wheelchair": "yes"
      }
    },
    {
      "type": "Feature",
      "geometry": {
        "type": "Point",
        "coordinates": [
          14.4087819,
          50.0793673
        ]
      },
      "properties": {
        "@type": "node",
        "@id": 6713018241,
        "@url": "https://www.openstreetmap.org/node/6713018241",
        "access": "yes",
        "activation": "button",
        "activation:action": "push",
        "amenity": "drinking_water",
        "bottle": "yes",
        "check_date": "2026",
        "description": "Pítko Dětský ostrov sever",
        "dog": "no",
        "fee": "no",
        "fountain": "spout",
        "opening_hours": "08:00-20:30",
        "ref:prazskapitka": "115",
        "seasonal": "summer",
        "water_flow": "normal",
        "wheelchair": "yes"
      }
    },
    {
      "type": "Feature",
      "geometry": {
        "type": "Point",
        "coordinates": [
          14.4092585,
          50.0778402
        ]
      },
      "properties": {
        "@type": "node",
        "@id": 6713025901,
        "@url": "https://www.openstreetmap.org/node/6713025901",
        "access": "yes",
        "activation": "turn_valve",
        "amenity": "drinking_water",
        "bottle": "yes",
        "check_date": "2026",
        "description": "Pítko hřiště Dětský ostrov",
        "dog": "no",
        "fee": "no",
        "fountain": "spout",
        "material": "concrete",
        "opening_hours": "08:00-20:30",
        "ref:prazskapitka": "16",
        "seasonal": "summer",
        "water_flow": "adjustable",
        "wheelchair": "limited"
      }
    },
    {
      "type": "Feature",
      "geometry": {
        "type": "Point",
        "coordinates": [
          14.4359778,
          50.1006882
        ]
      },
      "properties": {
        "@type": "node",
        "@id": 6718363620,
        "@url": "https://www.openstreetmap.org/node/6718363620",
        "access": "yes",
        "activation": "pedal",
        "activation:action": "step_on",
        "amenity": "drinking_water",
        "bottle": "yes",
        "check_date": "2025",
        "covered": "no",
        "description": "Drinking fountain in shape of „P\" (pítko in Czech)",
        "dog": "no",
        "fee": "no",
        "fountain": "spout",
        "man_made": "water_tap",
        "manufacturer": "EP_Studio",
        "material": "metal",
        "model": "P",
        "opening_hours": "24/7",
        "operator": "Praha 7",
        "ref:prazskapitka": "196",
        "seasonal": "summer",
        "source": "https://www.praha7.cz/na-rezacove-namesti-bylo-zprovozneno-nove-pitko/",
        "start_date": "2019",
        "water_flow": "normal",
        "wheelchair": "yes"
      }
    },
    {
      "type": "Feature",
      "geometry": {
        "type": "Point",
        "coordinates": [
          14.405833,
          50.0901156
        ]
      },
      "properties": {
        "@type": "node",
        "@id": 6982799134,
        "@url": "https://www.openstreetmap.org/node/6982799134",
        "access": "yes",
        "activation": "lever",
        "activation:action": "pull",
        "amenity": "drinking_water",
        "bottle": "yes",
        "check_date": "2026",
        "description": "Pítko Valdštejnské náměstí, na nádvoří paláce",
        "dog": "no",
        "fee": "no",
        "fountain": "decorative",
        "historic": "yes",
        "material": "stone",
        "opening_hours": "24/7",
        "ref:drobne_pamatky": "66931",
        "ref:prazskapitka": "298",
        "seasonal": "summer",
        "source": "survey",
        "water_flow": "normal",
        "wheelchair": "yes",
        "wikidata": "Q123719334"
      }
    },
    {
      "type": "Feature",
      "geometry": {
        "type": "Point",
        "coordinates": [
          14.3460986,
          50.0487395
        ]
      },
      "properties": {
        "@type": "node",
        "@id": 7138853485,
        "@url": "https://www.openstreetmap.org/node/7138853485",
        "access": "yes",
        "activation": "button",
        "activation:action": "push",
        "amenity": "drinking_water",
        "bottle": "yes",
        "charge": "no",
        "check_date": "2025",
        "description": "Pítko Suchý vršek",
        "dog": "no",
        "fee": "no",
        "fountain": "bubbler",
        "material": "stone",
        "opening_hours": "24/7",
        "ref:prazskapitka": "157",
        "seasonal": "summer",
        "water_flow": "normal",
        "wheelchair": "yes"
      }
    },
    {
      "type": "Feature",
      "geometry": {
        "type": "Point",
        "coordinates": [
          14.6140537,
          50.0817446
        ]
      },
      "properties": {
        "@type": "node",
        "@id": 7691422642,
        "@url": "https://www.openstreetmap.org/node/7691422642",
        "access": "yes",
        "activation": "button",
        "activation:action": "push",
        "amenity": "drinking_water",
        "bottle": "yes",
        "check_date": "2026",
        "description": "Pítko hřiště Dolnopočernická",
        "dog": "no",
        "fee": "no",
        "fountain": "bubbler",
        "manufacturer": "azp",
        "material": "metal",
        "model": "AFO_03_D",
        "ref:prazskapitka": "78",
        "seasonal": "summer",
        "water_flow": "normal",
        "wheelchair": "yes"
      }
    },
    {
      "type": "Feature",
      "geometry": {
        "type": "Point",
        "coordinates": [
          14.4483718,
          50.101737
        ]
      },
      "properties": {
        "@type": "node",
        "@id": 7714323225,
        "@url": "https://www.openstreetmap.org/node/7714323225",
        "access": "yes",
        "activation": "button",
        "activation:action": "push",
        "amenity": "drinking_water",
        "bottle": "yes",
        "check_date": "2026",
        "covered": "no",
        "description": "‎Pítko Tusarova východ",
        "dog": "no",
        "fee": "no",
        "fountain": "spout",
        "material": "stone",
        "opening_hours": "24/7",
        "operator": "Praha 7",
        "ref:prazskapitka": "191",
        "seasonal": "summer",
        "water_flow": "normal",
        "wheelchair": "yes"
      }
    },
    {
      "type": "Feature",
      "geometry": {
        "type": "Point",
        "coordinates": [
          14.5037761,
          50.0734819
        ]
      },
      "properties": {
        "@type": "node",
        "@id": 7734773958,
        "@url": "https://www.openstreetmap.org/node/7734773958",
        "access": "yes",
        "amenity": "drinking_water",
        "bottle": "yes",
        "button_operated": "yes",
        "check_date": "2025-09-20",
        "covered": "no",
        "description": "Pítko Jiráskova alej",
        "dog": "no",
        "fee": "no",
        "fountain": "bubbler",
        "indoor": "no",
        "lit": "yes",
        "material": "metal",
        "opening_hours": "24/7",
        "ref:prazskapitka": "261",
        "seasonal": "summer",
        "water_flow": "normal",
        "wheelchair": "yes"
      }
    },
    {
      "type": "Feature",
      "geometry": {
        "type": "Point",
        "coordinates": [
          14.5038561,
          50.0740073
        ]
      },
      "properties": {
        "@type": "node",
        "@id": 7756026483,
        "@url": "https://www.openstreetmap.org/node/7756026483",
        "access": "yes",
        "amenity": "drinking_water",
        "bottle": "yes",
        "button_operated": "yes",
        "check_date": "2025",
        "covered": "no",
        "description": "Pítko Novostrašnická",
        "dog": "no",
        "fee": "no",
        "fountain": "bubbler",
        "indoor": "no",
        "material": "metal",
        "opening_hours": "24/7",
        "ref:prazskapitka": "262",
        "seasonal": "summer",
        "water_flow": "normal",
        "wheelchair": "yes"
      }
    },
    {
      "type": "Feature",
      "geometry": {
        "type": "Point",
        "coordinates": [
          14.490548,
          50.0719503
        ]
      },
      "properties": {
        "@type": "node",
        "@id": 8032110696,
        "@url": "https://www.openstreetmap.org/node/8032110696",
        "access": "yes",
        "amenity": "drinking_water",
        "bottle": "yes",
        "button_operated": "yes",
        "check_date": "2025",
        "covered": "no",
        "description": "Pítko Strašnická",
        "dog": "no",
        "fee": "no",
        "fountain": "bubbler",
        "indoor": "no",
        "opening_hours": "24/7",
        "operator": "Praha 10",
        "ref:prazskapitka": "209",
        "seasonal": "summer",
        "water_flow": "normal",
        "wheelchair": "limited"
      }
    },
    {
      "type": "Feature",
      "geometry": {
        "type": "Point",
        "coordinates": [
          14.4481098,
          50.0858077
        ]
      },
      "properties": {
        "@type": "node",
        "@id": 8068707115,
        "@url": "https://www.openstreetmap.org/node/8068707115",
        "access": "yes",
        "amenity": "drinking_water",
        "bottle": "no",
        "button_operated": "yes",
        "check_date": "2026-05-20",
        "description": "Pítko Kostnické náměstí",
        "dog": "no",
        "fee": "no",
        "fountain": "spout",
        "manufacturer": "REX",
        "material": "cast_iron",
        "model": "Prameník",
        "opening_hours": "24/7",
        "operator": "Praha 3",
        "ref:prazskapitka": "281",
        "seasonal": "summer",
        "start_date": "2018",
        "water_flow": "normal",
        "wheelchair": "yes"
      }
    },
    {
      "type": "Feature",
      "geometry": {
        "type": "Point",
        "coordinates": [
          14.3845733,
          50.1162965
        ]
      },
      "properties": {
        "@type": "node",
        "@id": 8121804593,
        "@url": "https://www.openstreetmap.org/node/8121804593",
        "access": "yes",
        "activation": "button",
        "amenity": "drinking_water",
        "bottle": "yes",
        "check_date": "2024",
        "description": "Pítko Skatepark Baba",
        "dog": "no",
        "fee": "no",
        "fountain": "spout",
        "manufacturer": "REX",
        "material": "cast_iron",
        "model": "Orfeus",
        "opening_hours": "24/7",
        "ref:prazskapitka": "51",
        "seasonal": "summer",
        "wheelchair": "yes"
      }
    },
    {
      "type": "Feature",
      "geometry": {
        "type": "Point",
        "coordinates": [
          14.3993303,
          50.0976863
        ]
      },
      "properties": {
        "@type": "node",
        "@id": 8197731855,
        "@url": "https://www.openstreetmap.org/node/8197731855",
        "access": "yes",
        "amenity": "drinking_water",
        "bottle": "yes",
        "button_operated": "yes",
        "check_date": "2026",
        "description": "Pítko Bachmačské náměstí",
        "dog": "no",
        "fee": "no",
        "fountain": "spout",
        "manufacturer": "REX",
        "material": "cast_iron",
        "model": "Monachela",
        "opening_hours": "24/7",
        "ref:prazskapitka": "42",
        "seasonal": "summer",
        "water_flow": "normal",
        "wheelchair": "yes"
      }
    },
    {
      "type": "Feature",
      "geometry": {
        "type": "Point",
        "coordinates": [
          14.3130221,
          50.0320887
        ]
      },
      "properties": {
        "@type": "node",
        "@id": 8260343848,
        "@url": "https://www.openstreetmap.org/node/8260343848",
        "access": "yes",
        "activation": "button",
        "activation:action": "push",
        "amenity": "drinking_water",
        "bottle": "no",
        "check_date": "2025",
        "description": "Pítko Řeporyjské náměstí",
        "dog": "no",
        "fee": "no",
        "fountain": "bubbler",
        "opening_hours": "24/7",
        "ref:prazskapitka": "271",
        "seasonal": "summer",
        "water_flow": "weak",
        "wheelchair": "limited"
      }
    },
    {
      "type": "Feature",
      "geometry": {
        "type": "Point",
        "coordinates": [
          14.4025915,
          50.0843441
        ]
      },
      "properties": {
        "@type": "node",
        "@id": 8278444955,
        "@url": "https://www.openstreetmap.org/node/8278444955",
        "access": "yes",
        "amenity": "drinking_water",
        "bottle": "no",
        "button_operated": "yes",
        "check_date": "2026",
        "description": "Pítko Hellichova",
        "dog": "yes",
        "drinking_water": "yes",
        "fee": "no",
        "fountain": "spout",
        "material": "stone",
        "opening_hours": "24/7",
        "ref:prazskapitka": "8",
        "seasonal": "summer",
        "source": "CZ:IPRPraha:ortofoto",
        "water_flow": "normal",
        "wheelchair": "yes"
      }
    },
    {
      "type": "Feature",
      "geometry": {
        "type": "Point",
        "coordinates": [
          14.4411433,
          50.0849867
        ]
      },
      "properties": {
        "@type": "node",
        "@id": 8424839443,
        "@url": "https://www.openstreetmap.org/node/8424839443",
        "access": "yes",
        "activation": "turn_valve",
        "amenity": "drinking_water",
        "bottle": "yes",
        "check_date": "2026",
        "description": "Pítko náměstí Winstona Churchilla",
        "dog": "no",
        "fee": "no",
        "fountain": "decorative",
        "material": "stone",
        "opening_hours": "24/7",
        "ref:prazskapitka": "27",
        "seasonal": "summer",
        "source": "survey",
        "water_flow": "adjustable",
        "wheelchair": "yes"
      }
    },
    {
      "type": "Feature",
      "geometry": {
        "type": "Point",
        "coordinates": [
          14.4990994,
          50.0833237
        ]
      },
      "properties": {
        "@type": "node",
        "@id": 8513063363,
        "@url": "https://www.openstreetmap.org/node/8513063363",
        "access": "yes",
        "activation": "button",
        "activation:action": "push",
        "amenity": "drinking_water",
        "bottle": "yes",
        "check_date": "2025",
        "covered": "no",
        "description": "Pítko Malešický park jih",
        "dog": "no",
        "fee": "no",
        "fountain": "spout",
        "indoor": "no",
        "manufacturer": "Urbania",
        "material": "metal",
        "model": "Escape",
        "opening_hours": "24/7",
        "ref:prazskapitka": "174",
        "seasonal": "summer",
        "water_flow": "normal",
        "wheelchair": "yes"
      }
    },
    {
      "type": "Feature",
      "geometry": {
        "type": "Point",
        "coordinates": [
          14.6022215,
          50.0787092
        ]
      },
      "properties": {
        "@type": "node",
        "@id": 8580630172,
        "@url": "https://www.openstreetmap.org/node/8580630172",
        "access": "yes",
        "activation": "button",
        "activation:action": "push",
        "amenity": "drinking_water",
        "bottle": "yes",
        "check_date": "2026",
        "description": "Pítko Rubešův sad",
        "dog": "no",
        "fee": "no",
        "fountain": "bubbler",
        "manufacturer": "Pítko",
        "material": "metal",
        "model": "AFO_03",
        "opening_hours": "24/7",
        "ref:prazskapitka": "327",
        "seasonal": "summer",
        "water_flow": "normal",
        "wheelchair": "yes"
      }
    },
    {
      "type": "Feature",
      "geometry": {
        "type": "Point",
        "coordinates": [
          14.4967896,
          50.0567061
        ]
      },
      "properties": {
        "@type": "node",
        "@id": 8912037566,
        "@url": "https://www.openstreetmap.org/node/8912037566",
        "access": "yes",
        "amenity": "drinking_water",
        "bottle": "yes",
        "button_operated": "yes",
        "check_date": "2025",
        "description": "Pítko Jabloňová",
        "dog": "no",
        "fee": "no",
        "fountain": "spout",
        "manufacturer": "Urbania",
        "material": "metal",
        "model": "Escape",
        "opening_hours": "24/7",
        "operator": "Praha 10",
        "ref:prazskapitka": "106",
        "seasonal": "summer",
        "water_flow": "normal",
        "wheelchair": "yes"
      }
    },
    {
      "type": "Feature",
      "geometry": {
        "type": "Point",
        "coordinates": [
          14.4019949,
          50.1186378
        ]
      },
      "properties": {
        "@type": "node",
        "@id": 9020762329,
        "@url": "https://www.openstreetmap.org/node/9020762329",
        "amenity": "drinking_water",
        "name": "Voda pro psy"
      }
    },
    {
      "type": "Feature",
      "geometry": {
        "type": "Point",
        "coordinates": [
          14.5135558,
          50.0124196
        ]
      },
      "properties": {
        "@type": "node",
        "@id": 9064330689,
        "@url": "https://www.openstreetmap.org/node/9064330689",
        "access": "yes",
        "amenity": "drinking_water",
        "bottle": "no",
        "button_operated": "yes",
        "check_date": "2026",
        "covered": "no",
        "description": "Pítko Náměstí Šeberov",
        "dog": "no",
        "fee": "no",
        "fountain": "bubbler",
        "indoor": "no",
        "manufacturer": "azp",
        "material": "metal",
        "model": "AFO_02",
        "opening_hours": "24/7",
        "ref:prazskapitka": "325",
        "seasonal": "summer",
        "water_flow": "normal",
        "wheelchair": "no"
      }
    },
    {
      "type": "Feature",
      "geometry": {
        "type": "Point",
        "coordinates": [
          14.454747,
          50.0808403
        ]
      },
      "properties": {
        "@type": "node",
        "@id": 9082683839,
        "@url": "https://www.openstreetmap.org/node/9082683839",
        "access": "yes",
        "activation": "button",
        "activation:action": "push",
        "amenity": "drinking_water",
        "bottle": "yes",
        "check_date": "2026",
        "description": "Pítko Žižkovo náměstí",
        "dog": "no",
        "fee": "no",
        "fountain": "spout",
        "manufacturer": "Metalco",
        "material": "metal",
        "model": "Fuente_E",
        "opening_hours": "24/7",
        "operator": "Praha 3",
        "ref:prazskapitka": "143",
        "seasonal": "summer",
        "water_flow": "normal",
        "wheelchair": "yes"
      }
    },
    {
      "type": "Feature",
      "geometry": {
        "type": "Point",
        "coordinates": [
          14.4811342,
          50.0897776
        ]
      },
      "properties": {
        "@type": "node",
        "@id": 9082685345,
        "@url": "https://www.openstreetmap.org/node/9082685345",
        "access": "yes",
        "amenity": "drinking_water",
        "bottle": "yes",
        "check_date": "2025",
        "description": "Pítko Židovské pece východ, pravděpodobně 2026 po rekonstrukci",
        "dog": "no",
        "fee": "no",
        "fountain": "spout",
        "manufacturer": "Metalco",
        "material": "metal",
        "model": "Fuente_E",
        "opening_hours": "24/7",
        "ref:prazskapitka": "198",
        "seasonal": "summer",
        "wheelchair": "yes"
      }
    },
    {
      "type": "Feature",
      "geometry": {
        "type": "Point",
        "coordinates": [
          14.4578663,
          50.0846194
        ]
      },
      "properties": {
        "@type": "node",
        "@id": 9082787319,
        "@url": "https://www.openstreetmap.org/node/9082787319",
        "access": "yes",
        "activation": "button",
        "activation:action": "push",
        "amenity": "drinking_water",
        "bottle": "yes",
        "check_date": "2026",
        "description": "Pítko Parukářka západ",
        "dog": "no",
        "fee": "no",
        "fountain": "spout",
        "manufacturer": "Metalco",
        "material": "metal",
        "model": "Fuente_E",
        "opening_hours": "24/7",
        "operator": "Praha 3",
        "ref:prazskapitka": "29",
        "seasonal": "summer",
        "water_flow": "normal",
        "wheelchair": "yes"
      }
    },
    {
      "type": "Feature",
      "geometry": {
        "type": "Point",
        "coordinates": [
          14.4664737,
          50.0773804
        ]
      },
      "properties": {
        "@type": "node",
        "@id": 9082809847,
        "@url": "https://www.openstreetmap.org/node/9082809847",
        "access": "yes",
        "activation": "button",
        "activation:action": "hold",
        "amenity": "drinking_water",
        "bottle": "yes",
        "check_date": "2025",
        "description": "Pítko náměstí Jiřího z Lobkovic",
        "dog": "no",
        "fee": "no",
        "fountain": "spout",
        "manufacturer": "Benito",
        "material": "metal",
        "model": "Atlas",
        "opening_hours": "24/7",
        "operator": "Praha 3",
        "ref:prazskapitka": "40",
        "seasonal": "summer",
        "water_flow": "normal",
        "wheelchair": "yes"
      }
    },
    {
      "type": "Feature",
      "geometry": {
        "type": "Point",
        "coordinates": [
          14.45089,
          50.0842536
        ]
      },
      "properties": {
        "@type": "node",
        "@id": 9082812232,
        "@url": "https://www.openstreetmap.org/node/9082812232",
        "access": "yes",
        "amenity": "drinking_water",
        "bottle": "yes",
        "button_operated": "yes",
        "check_date": "2026",
        "description": "Pítko Sladkovského náměstí",
        "dog": "no",
        "fee": "no",
        "fountain": "bubbler",
        "opening_hours": "24/7",
        "operator": "Praha 3",
        "ref:prazskapitka": "187",
        "seasonal": "summer",
        "water_flow": "normal",
        "wheelchair": "yes"
      }
    },
    {
      "type": "Feature",
      "geometry": {
        "type": "Point",
        "coordinates": [
          14.4553627,
          50.0691343
        ]
      },
      "properties": {
        "@type": "node",
        "@id": 9082938586,
        "@url": "https://www.openstreetmap.org/node/9082938586",
        "access": "yes",
        "amenity": "drinking_water",
        "bottle": "yes",
        "button_operated": "yes",
        "check_date": "2026",
        "description": "Pítko Moskevská",
        "dog": "no",
        "fee": "no",
        "fountain": "spout",
        "manufacturer": "Metalco",
        "material": "metal",
        "model": "Fuente_R",
        "opening_hours": "24/7",
        "ref:prazskapitka": "39",
        "seasonal": "summer",
        "water_flow": "normal",
        "wheelchair": "yes"
      }
    },
    {
      "type": "Feature",
      "geometry": {
        "type": "Point",
        "coordinates": [
          14.4535658,
          50.0690718
        ]
      },
      "properties": {
        "@type": "node",
        "@id": 9082938588,
        "@url": "https://www.openstreetmap.org/node/9082938588",
        "access": "yes",
        "activation": "button",
        "activation:action": "push",
        "amenity": "drinking_water",
        "bottle": "yes",
        "check_date": "2026",
        "description": "Pítko Vršovické náměstí",
        "dog": "no",
        "fee": "no",
        "fountain": "spout",
        "manufacturer": "Metalco",
        "material": "metal",
        "model": "Fuente_R",
        "opening_hours": "24/7",
        "ref:prazskapitka": "38",
        "seasonal": "summer",
        "water_flow": "normal",
        "wheelchair": "yes"
      }
    },
    {
      "type": "Feature",
      "geometry": {
        "type": "Point",
        "coordinates": [
          14.5009561,
          50.0570645
        ]
      },
      "properties": {
        "@type": "node",
        "@id": 9082976084,
        "@url": "https://www.openstreetmap.org/node/9082976084",
        "access": "yes",
        "activation": "button",
        "activation:action": "hold",
        "amenity": "drinking_water",
        "bottle": "no",
        "check_date": "2025",
        "description": "Pítko Chrpová",
        "dog": "no",
        "fee": "no",
        "fountain": "spout",
        "material": "metal",
        "opening_hours": "24/7",
        "operator": "Praha 10",
        "ref:prazskapitka": "65",
        "seasonal": "summer",
        "water_flow": "normal",
        "wheelchair": "yes"
      }
    },
    {
      "type": "Feature",
      "geometry": {
        "type": "Point",
        "coordinates": [
          14.5072701,
          50.056587
        ]
      },
      "properties": {
        "@type": "node",
        "@id": 9082976090,
        "@url": "https://www.openstreetmap.org/node/9082976090",
        "access": "yes",
        "amenity": "drinking_water",
        "bottle": "no",
        "button_operated": "yes",
        "check_date": "2025",
        "description": "Pítko Topolová",
        "dog": "no",
        "fee": "no",
        "fountain": "bubbler",
        "manufacturer": "mmcité",
        "material": "metal",
        "model": "Hydro_410",
        "opening_hours": "24/7",
        "operator": "Praha 10",
        "ref:prazskapitka": "84",
        "seasonal": "summer",
        "start_date": "2019",
        "water_flow": "normal",
        "wheelchair": "no"
      }
    },
    {
      "type": "Feature",
      "geometry": {
        "type": "Point",
        "coordinates": [
          14.4612068,
          50.0723349
        ]
      },
      "properties": {
        "@type": "node",
        "@id": 9082999005,
        "@url": "https://www.openstreetmap.org/node/9082999005",
        "access": "yes",
        "activation": "button",
        "activation:action": "push",
        "amenity": "drinking_water",
        "bottle": "yes",
        "check_date": "2025",
        "description": "Pítko hřiště Tolstého",
        "dog": "no",
        "fee": "no",
        "fountain": "spout",
        "manufacturer": "Benito",
        "material": "metal",
        "model": "Egea",
        "operator": "Praha 10",
        "ref:prazskapitka": "37",
        "seasonal": "summer",
        "water_flow": "normal",
        "wheelchair": "limited"
      }
    },
    {
      "type": "Feature",
      "geometry": {
        "type": "Point",
        "coordinates": [
          14.458498,
          50.0683478
        ]
      },
      "properties": {
        "@type": "node",
        "@id": 9082999133,
        "@url": "https://www.openstreetmap.org/node/9082999133",
        "access": "yes",
        "amenity": "drinking_water",
        "bottle": "yes",
        "check_date": "2026",
        "description": "Pítko Náměstí plukovníka Čecha, 2026 bylo vyměněno",
        "dog": "no",
        "fee": "no",
        "fountain": "spout",
        "opening_hours": "24/7",
        "ref:prazskapitka": "36",
        "seasonal": "summer",
        "wheelchair": "yes"
      }
    },
    {
      "type": "Feature",
      "geometry": {
        "type": "Point",
        "coordinates": [
          14.4258355,
          50.0122007
        ]
      },
      "properties": {
        "@type": "node",
        "@id": 9083539905,
        "@url": "https://www.openstreetmap.org/node/9083539905",
        "access": "yes",
        "activation": "button",
        "activation:action": "hold",
        "amenity": "drinking_water",
        "bottle": "yes",
        "check_date": "2025",
        "description": "Pítko VOSA v Píšovicích",
        "dog": "no",
        "fee": "no",
        "fountain": "bubbler",
        "material": "stone",
        "opening_hours": "yes",
        "operator": "Praha 12",
        "ref:prazskapitka": "243",
        "seasonal": "summer",
        "water_flow": "weak",
        "wheelchair": "no"
      }
    },
    {
      "type": "Feature",
      "geometry": {
        "type": "Point",
        "coordinates": [
          14.4213345,
          50.057128
        ]
      },
      "properties": {
        "@type": "node",
        "@id": 9083655348,
        "@url": "https://www.openstreetmap.org/node/9083655348",
        "access": "yes",
        "activation": "button",
        "activation:action": "push",
        "amenity": "drinking_water",
        "bottle": "yes",
        "check_date": "2026",
        "description": "Pítko Nedvědovo náměstí jih",
        "dog": "no",
        "fee": "no",
        "fountain": "spout",
        "manufacturer": "Urbania",
        "material": "metal",
        "model": "Escape",
        "opening_hours": "24/7",
        "operator": "Praha 4",
        "ref:prazskapitka": "319",
        "seasonal": "summer",
        "water_flow": "normal",
        "wheelchair": "yes"
      }
    },
    {
      "type": "Feature",
      "geometry": {
        "type": "Point",
        "coordinates": [
          14.4477295,
          50.1081358
        ]
      },
      "properties": {
        "@type": "node",
        "@id": 9083766968,
        "@url": "https://www.openstreetmap.org/node/9083766968",
        "access": "yes",
        "activation": "pedal",
        "activation:action": "step_on",
        "amenity": "drinking_water",
        "bottle": "yes",
        "check_date": "2026",
        "covered": "no",
        "description": "Pítko Ortenovo náměstí",
        "dog": "no",
        "fee": "no",
        "fountain": "bubbler",
        "manufacturer": "EP_Studio",
        "material": "metal",
        "model": "P",
        "opening_hours": "24/7",
        "operator": "Praha 7",
        "ref:prazskapitka": "188",
        "seasonal": "summer",
        "source": "https://www.nasepraha.cz/praha-7-ma-prvni-pitko-p-najdete-ho-na-ortenove-namesti/",
        "start_date": "2016",
        "water_flow": "normal",
        "wheelchair": "no"
      }
    },
    {
      "type": "Feature",
      "geometry": {
        "type": "Point",
        "coordinates": [
          14.4243538,
          50.083763
        ]
      },
      "properties": {
        "@type": "node",
        "@id": 9102077590,
        "@url": "https://www.openstreetmap.org/node/9102077590",
        "access": "yes",
        "activation": "button",
        "activation:action": "push",
        "amenity": "drinking_water",
        "bottle": "yes",
        "check_date": "2026",
        "description": "Pítko Václavské náměstí II",
        "dog": "no",
        "fee": "no",
        "fountain": "spout",
        "manufacturer": "Urbidermis",
        "material": "metal",
        "model": "Atlántida",
        "opening_hours": "24/7",
        "operational_status": "degraded",
        "operator": "Praha 1",
        "ref:prazskapitka": "26",
        "seasonal": "summer",
        "source": "local knowledge",
        "start_date": "2021",
        "water_flow": "normal",
        "wheelchair": "yes"
      }
    },
    {
      "type": "Feature",
      "geometry": {
        "type": "Point",
        "coordinates": [
          14.3944097,
          50.0834427
        ]
      },
      "properties": {
        "@type": "node",
        "@id": 9125005096,
        "@url": "https://www.openstreetmap.org/node/9125005096",
        "access": "yes",
        "activation": "turn_valve",
        "activation:action": "turn",
        "amenity": "drinking_water",
        "bottle": "yes",
        "check_date": "2026",
        "description": "Pítko Petřín",
        "dog": "no",
        "fee": "no",
        "fountain": "spout",
        "manufacturer": "REX",
        "material": "cast_iron",
        "model": "Orfeus",
        "opening_hours": "24/7",
        "ref:prazskapitka": "180",
        "seasonal": "summer",
        "source": "survey",
        "water_flow": "adjustable",
        "wheelchair": "yes"
      }
    },
    {
      "type": "Feature",
      "geometry": {
        "type": "Point",
        "coordinates": [
          14.6766868,
          50.069092499999999
        ]
      },
      "properties": {
        "@type": "node",
        "@id": 9165141580,
        "@url": "https://www.openstreetmap.org/node/9165141580",
        "access": "yes",
        "activation": "button",
        "amenity": "drinking_water",
        "bottle": "no",
        "check_date": "2026-09-12",
        "description": "Pítko Žlebská",
        "dog": "no",
        "drinking_water": "yes",
        "fee": "no",
        "fountain": "bubbler",
        "manufacturer": "CityZEN",
        "material": "concrete",
        "model": "CityZEN",
        "opening_hours": "Apr-Sep 00:00-24:00; Oct-Mar off",
        "operator": "ÚMČ Praha 21",
        "operator:type": "public",
        "ref:prazskapitka": "283",
        "seasonal": "summer",
        "wheelchair": "limited"
      }
    },
    {
      "type": "Feature",
      "geometry": {
        "type": "Point",
        "coordinates": [
          14.4475636,
          50.1112495
        ]
      },
      "properties": {
        "@type": "node",
        "@id": 9335746315,
        "@url": "https://www.openstreetmap.org/node/9335746315",
        "access": "yes",
        "activation": "pedal",
        "activation:action": "step_on",
        "amenity": "drinking_water",
        "bottle": "yes",
        "check_date": "2026",
        "description": "Pítko vnitroblok U Vody",
        "dog": "no",
        "fee": "no",
        "fountain": "spout",
        "manufacturer": "EP_Studio",
        "material": "metal",
        "model": "P",
        "opening_hours": "24/7",
        "ref:prazskapitka": "197",
        "seasonal": "summer",
        "source": "https://prazska.drbna.cz/z-kraje/praha-7/7624-ve-vnitrobloku-u-vody-jsou-nove-cesty-lavicky-pitka-i-osvetleni",
        "start_date": "2021",
        "water_flow": "normal",
        "wheelchair": "yes"
      }
    },
    {
      "type": "Feature",
      "geometry": {
        "type": "Point",
        "coordinates": [
          14.3945297,
          50.0414423
        ]
      },
      "properties": {
        "@type": "node",
        "@id": 9430806572,
        "@url": "https://www.openstreetmap.org/node/9430806572",
        "access": "yes",
        "activation": "turn_valve",
        "amenity": "drinking_water",
        "bottle": "yes",
        "check_date": "2026",
        "description": "Pítko Hlubočepy",
        "dog": "no",
        "fee": "no",
        "fountain": "spout",
        "manufacturer": "Metalco",
        "material": "metal",
        "model": "Fuente_R",
        "opening_hours": "24/7",
        "operator": "Praha 5",
        "ref:prazskapitka": "213",
        "seasonal": "summer",
        "source": "https://twitter.com/Prazska5/status/1483695722448961543/photo/1",
        "start_date": "2022",
        "water_flow": "adjustable",
        "wheelchair": "yes"
      }
    },
    {
      "type": "Feature",
      "geometry": {
        "type": "Point",
        "coordinates": [
          14.4070413,
          50.1127547
        ]
      },
      "properties": {
        "@type": "node",
        "@id": 9455972727,
        "@url": "https://www.openstreetmap.org/node/9455972727",
        "access": "yes",
        "activation": "button",
        "activation:action": "push",
        "amenity": "drinking_water",
        "bottle": "no",
        "check_date": "2026",
        "description": "Pítko Císařský ostrov 1",
        "dog": "no",
        "fee": "no",
        "fountain": "bubbler",
        "manufacturer": "mmcité",
        "material": "metal",
        "model": "Hydro_410",
        "opening_hours": "24/7",
        "ref:prazskapitka": "311",
        "seasonal": "summer",
        "start_date": "2021",
        "water_flow": "normal",
        "wheelchair": "yes"
      }
    },
    {
      "type": "Feature",
      "geometry": {
        "type": "Point",
        "coordinates": [
          14.409581,
          50.11198
        ]
      },
      "properties": {
        "@type": "node",
        "@id": 9455972739,
        "@url": "https://www.openstreetmap.org/node/9455972739",
        "access": "yes",
        "activation": "button",
        "activation:action": "push",
        "amenity": "drinking_water",
        "bottle": "no",
        "check_date": "2026",
        "description": "Pítko Císařský ostrov 3",
        "dog": "no",
        "fee": "no",
        "fountain": "bubbler",
        "manufacturer": "mmcité",
        "material": "metal",
        "model": "Hydro_410",
        "opening_hours": "24/7",
        "ref:prazskapitka": "313",
        "seasonal": "summer",
        "start_date": "2021",
        "water_flow": "normal",
        "wheelchair": "yes"
      }
    },
    {
      "type": "Feature",
      "geometry": {
        "type": "Point",
        "coordinates": [
          14.410955,
          50.1119833
        ]
      },
      "properties": {
        "@type": "node",
        "@id": 9455972751,
        "@url": "https://www.openstreetmap.org/node/9455972751",
        "access": "yes",
        "activation": "button",
        "activation:action": "push",
        "amenity": "drinking_water",
        "bottle": "no",
        "check_date": "2026",
        "description": "Pítko Císařský ostrov 4",
        "dog": "no",
        "fee": "no",
        "fountain": "bubbler",
        "manufacturer": "mmcité",
        "material": "metal",
        "model": "Hydro_410",
        "opening_hours": "24/7",
        "ref:prazskapitka": "259",
        "seasonal": "summer",
        "start_date": "2021",
        "water_flow": "normal",
        "wheelchair": "yes"
      }
    },
    {
      "type": "Feature",
      "geometry": {
        "type": "Point",
        "coordinates": [
          14.4121374,
          50.1115335
        ]
      },
      "properties": {
        "@type": "node",
        "@id": 9455972760,
        "@url": "https://www.openstreetmap.org/node/9455972760",
        "access": "yes",
        "activation": "button",
        "activation:action": "push",
        "amenity": "drinking_water",
        "bottle": "no",
        "check_date": "2026",
        "description": "Pítko Císařský ostrov 5",
        "dog": "no",
        "fee": "no",
        "fountain": "bubbler",
        "manufacturer": "mmcité",
        "material": "metal",
        "model": "Hydro_410",
        "opening_hours": "24/7",
        "ref:prazskapitka": "314",
        "seasonal": "summer",
        "start_date": "2021",
        "water_flow": "normal",
        "wheelchair": "yes"
      }
    },
    {
      "type": "Feature",
      "geometry": {
        "type": "Point",
        "coordinates": [
          14.4048884,
          50.0975796
        ]
      },
      "properties": {
        "@type": "node",
        "@id": 9955034081,
        "@url": "https://www.openstreetmap.org/node/9955034081",
        "access": "yes",
        "amenity": "drinking_water",
        "bottle": "yes",
        "button_operated": "yes",
        "check_date": "2026-09-11",
        "description": "Brčko Dejvidká",
        "dog": "no",
        "fee": "no",
        "fountain": "spout",
        "installation:seasonal": "yes",
        "manufacturer": "PVK",
        "material": "metal",
        "mist_spraying_cooler": "yes",
        "model": "brčko",
        "opening_hours": "24/7",
        "ref:prazskapitka": "90",
        "seasonal": "summer",
        "start_date": "2022",
        "water_flow": "normal",
        "wheelchair": "yes"
      }
    },
    {
      "type": "Feature",
      "geometry": {
        "type": "Point",
        "coordinates": [
          14.3326391,
          50.0374107
        ]
      },
      "properties": {
        "@type": "node",
        "@id": 9964248075,
        "@url": "https://www.openstreetmap.org/node/9964248075",
        "access": "yes",
        "activation": "button",
        "activation:action": "push",
        "amenity": "drinking_water",
        "bottle": "yes",
        "check_date": "2025",
        "description": "Pítko Dalejský park",
        "dog": "yes",
        "fee": "no",
        "fountain": "bubbler",
        "opening_hours": "24/7",
        "ref:prazskapitka": "163",
        "seasonal": "summer",
        "water_flow": "normal",
        "wheelchair": "yes"
      }
    },
    {
      "type": "Feature",
      "geometry": {
        "type": "Point",
        "coordinates": [
          14.4476294,
          50.0698421
        ]
      },
      "properties": {
        "@type": "node",
        "@id": 9988082187,
        "@url": "https://www.openstreetmap.org/node/9988082187",
        "access": "yes",
        "activation": "button",
        "activation:action": "push",
        "amenity": "drinking_water",
        "bottle": "yes",
        "check_date": "2026",
        "description": "Pítko Rybalkova",
        "dog": "no",
        "fee": "no",
        "fountain": "spout",
        "material": "metal",
        "opening_hours": "24/7",
        "ref:prazskapitka": "136",
        "seasonal": "summer",
        "water_flow": "normal",
        "wheelchair": "no"
      }
    },
    {
      "type": "Feature",
      "geometry": {
        "type": "Point",
        "coordinates": [
          14.4229052,
          50.1000438
        ]
      },
      "properties": {
        "@type": "node",
        "@id": 10020360896,
        "@url": "https://www.openstreetmap.org/node/10020360896",
        "access": "yes",
        "activation": "pedal",
        "activation:action": "step_on",
        "amenity": "drinking_water",
        "bottle": "yes",
        "check_date": "2025",
        "covered": "no",
        "description": "Pítko Letenské náměstí",
        "dog": "no",
        "fee": "no",
        "fountain": "spout",
        "manufacturer": "EP_Studio",
        "material": "metal",
        "model": "P",
        "opening_hours": "24/7",
        "operator": "Praha 7",
        "ref:prazskapitka": "184",
        "seasonal": "summer",
        "source": "https://www.facebook.com/JiriKnitlPraha/photos/a.106944190723626/784312292986809/",
        "start_date": "2022",
        "water_flow": "normal",
        "wheelchair": "no"
      }
    },
    {
      "type": "Feature",
      "geometry": {
        "type": "Point",
        "coordinates": [
          14.3073838,
          50.0907013
        ]
      },
      "properties": {
        "@type": "node",
        "@id": 10021317359,
        "@url": "https://www.openstreetmap.org/node/10021317359",
        "access": "yes",
        "amenity": "drinking_water",
        "bottle": "yes",
        "button_operated": "yes",
        "check_date": "2025",
        "description": "Pítko Dědina sever",
        "dog": "no",
        "fee": "no",
        "fountain": "spout",
        "manufacturer": "Benito",
        "material": "metal",
        "model": "Atlas",
        "opening_hours": "24/7",
        "ref:prazskapitka": "54",
        "seasonal": "summer",
        "source": "survey",
        "water_flow": "normal",
        "wheelchair": "yes"
      }
    },
    {
      "type": "Feature",
      "geometry": {
        "type": "Point",
        "coordinates": [
          14.3056264,
          50.0897666
        ]
      },
      "properties": {
        "@type": "node",
        "@id": 10024864085,
        "@url": "https://www.openstreetmap.org/node/10024864085",
        "access": "yes",
        "amenity": "drinking_water",
        "bottle": "yes",
        "button_operated": "yes",
        "check_date": "2025",
        "description": "Pítko Dědina střed, U Hvězdné cesty",
        "dog": "no",
        "fee": "no",
        "fountain": "spout",
        "manufacturer": "Benito",
        "material": "metal",
        "model": "Atlas",
        "opening_hours": "24/7",
        "ref:prazskapitka": "56",
        "seasonal": "summer",
        "water_flow": "normal",
        "wheelchair": "yes"
      }
    },
    {
      "type": "Feature",
      "geometry": {
        "type": "Point",
        "coordinates": [
          14.4309261,
          50.0671826
        ]
      },
      "properties": {
        "@type": "node",
        "@id": 10047865698,
        "@url": "https://www.openstreetmap.org/node/10047865698",
        "access": "yes",
        "amenity": "drinking_water",
        "bottle": "yes",
        "button_operated": "yes",
        "check_date": "2026",
        "description": "Pítko Folimanka 2",
        "dog": "no",
        "fee": "no",
        "fountain": "spout",
        "material": "metal",
        "operator": "Praha 2",
        "ref:prazskapitka": "340",
        "seasonal": "summer",
        "start_date": "2022",
        "water_flow": "normal",
        "wheelchair": "yes"
      }
    },
    {
      "type": "Feature",
      "geometry": {
        "type": "Point",
        "coordinates": [
          14.3065913,
          50.0886212
        ]
      },
      "properties": {
        "@type": "node",
        "@id": 10124959677,
        "@url": "https://www.openstreetmap.org/node/10124959677",
        "access": "yes",
        "amenity": "drinking_water",
        "bottle": "yes",
        "button_operated": "yes",
        "check_date": "2025",
        "description": "Pítko Dědina jih",
        "dog": "no",
        "fee": "no",
        "fountain": "spout",
        "manufacturer": "Benito",
        "material": "metal",
        "model": "Atlas",
        "opening_hours": "24/7",
        "ref:prazskapitka": "58",
        "seasonal": "summer",
        "water_flow": "normal",
        "wheelchair": "yes"
      }
    },
    {
      "type": "Feature",
      "geometry": {
        "type": "Point",
        "coordinates": [
          14.3447518,
          50.048721
        ]
      },
      "properties": {
        "@type": "node",
        "@id": 10231434339,
        "@url": "https://www.openstreetmap.org/node/10231434339",
        "access": "yes",
        "amenity": "drinking_water",
        "bottle": "yes",
        "button_operated": "yes",
        "check_date": "2025",
        "description": "Pítko s altánem v parku Suchý vršek v Nových Butovicích",
        "dog": "no",
        "fee": "no",
        "fountain": "bubbler",
        "material": "brick",
        "opening_hours": "24/7",
        "ref:drobne_pamatky": "27995",
        "ref:prazskapitka": "278",
        "seasonal": "summer",
        "water_flow": "normal",
        "wheelchair": "limited",
        "wikidata": "Q94435654"
      }
    },
    {
      "type": "Feature",
      "geometry": {
        "type": "Point",
        "coordinates": [
          14.3623714,
          50.0303804
        ]
      },
      "properties": {
        "@type": "node",
        "@id": 10291329744,
        "@url": "https://www.openstreetmap.org/node/10291329744",
        "access": "yes",
        "amenity": "drinking_water",
        "bottle": "yes",
        "button_operated": "yes",
        "check_date": "2026",
        "description": "Pítko Náměstí Olgy Scheinpflugové",
        "dog": "yes",
        "drinking_water": "yes",
        "fee": "no",
        "fountain": "spout",
        "manufacturer": "REX",
        "material": "cast_iron",
        "model": "Prameník",
        "opening_hours": "24/7",
        "ref:prazskapitka": "182",
        "seasonal": "summer",
        "start_date": "2023",
        "water_flow": "normal",
        "wheelchair": "yes"
      }
    },
    {
      "type": "Feature",
      "geometry": {
        "type": "Point",
        "coordinates": [
          14.408054,
          50.0908309
        ]
      },
      "properties": {
        "@type": "node",
        "@id": 10711152255,
        "@url": "https://www.openstreetmap.org/node/10711152255",
        "access": "yes",
        "activation": "sensor",
        "amenity": "drinking_water",
        "bottle": "yes",
        "check_date": "2026",
        "description": "Pítko Valdštejnská zahrada, aktivuje se fotosensorem, který je docela těžké aktivovat, je potřeba dát ruku ne moc blýzko ani moc daleko a stačí podržet, nemusí se mávat",
        "dog": "no",
        "fee": "no",
        "fountain": "spout",
        "manufacturer": "REX",
        "material": "cast_iron",
        "model": "Athena",
        "opening_hours": "24/7",
        "ref:prazskapitka": "14",
        "seasonal": "summer",
        "source": "survey",
        "water_flow": "normal",
        "wheelchair": "yes"
      }
    },
    {
      "type": "Feature",
      "geometry": {
        "type": "Point",
        "coordinates": [
          14.4038884,
          50.0919312
        ]
      },
      "properties": {
        "@type": "node",
        "@id": 10711152257,
        "@url": "https://www.openstreetmap.org/node/10711152257",
        "amenity": "drinking_water",
        "indoor": "no",
        "seasonal": "summer",
        "wheelchair": "no"
      }
    },
    {
      "type": "Feature",
      "geometry": {
        "type": "Point",
        "coordinates": [
          14.3782666,
          50.0366384
        ]
      },
      "properties": {
        "@type": "node",
        "@id": 10732907748,
        "@url": "https://www.openstreetmap.org/node/10732907748",
        "access": "yes",
        "amenity": "drinking_water",
        "bottle": "yes",
        "button_operated": "yes",
        "check_date": "2026",
        "covered": "no",
        "description": "Pítko Chaplinovo náměstí",
        "dog": "no",
        "fee": "no",
        "fountain": "spout",
        "indoor": "no",
        "manufacturer": "Metalco",
        "mapillary": "666977803140854",
        "material": "metal",
        "model": "Fuente_R",
        "note": "Neteče",
        "opening_hours": "24/7",
        "ref:prazskapitka": "122",
        "seasonal": "summer",
        "water_flow": "normal",
        "wheelchair": "yes"
      }
    },
    {
      "type": "Feature",
      "geometry": {
        "type": "Point",
        "coordinates": [
          14.6203602,
          50.109494
        ]
      },
      "properties": {
        "@type": "node",
        "@id": 10858275447,
        "@url": "https://www.openstreetmap.org/node/10858275447",
        "access": "yes",
        "activation": "button",
        "activation:action": "push",
        "amenity": "drinking_water",
        "bottle": "no",
        "button_operated": "yes",
        "check_date": "2026",
        "covered": "no",
        "description": "Pítko park Houslový klíč sever, tohle se snad ani nepovažuje za pítko",
        "dog": "no",
        "fee": "no",
        "fountain": "bubbler",
        "indoor": "no",
        "lit": "no",
        "material": "metal",
        "opening_hours": "24/7",
        "operational_status": "degraded",
        "panoramax": "d98ac8ee-5d85-41fe-8b93-7d2c6ba3fbd6",
        "ref:prazskapitka": "328",
        "seasonal": "summer",
        "water_flow": "weak",
        "wheelchair": "yes"
      }
    },
    {
      "type": "Feature",
      "geometry": {
        "type": "Point",
        "coordinates": [
          14.6174607,
          50.1102797
        ]
      },
      "properties": {
        "@type": "node",
        "@id": 10858275455,
        "@url": "https://www.openstreetmap.org/node/10858275455",
        "access": "yes",
        "amenity": "drinking_water",
        "bottle": "no",
        "covered": "no",
        "fee": "no",
        "indoor": "no",
        "lit": "no"
      }
    },
    {
      "type": "Feature",
      "geometry": {
        "type": "Point",
        "coordinates": [
          14.3048208,
          50.0891577
        ]
      },
      "properties": {
        "@type": "node",
        "@id": 10866790354,
        "@url": "https://www.openstreetmap.org/node/10866790354",
        "access": "yes",
        "amenity": "drinking_water",
        "bottle": "yes",
        "button_operated": "yes",
        "check_date": "2025",
        "description": "Pítko Dědina západ",
        "dog": "no",
        "fee": "no",
        "fountain": "spout",
        "indoor": "no",
        "manufacturer": "Benito",
        "material": "metal",
        "model": "Atlas",
        "opening_hours": "24/7",
        "ref:prazskapitka": "57",
        "seasonal": "summer",
        "water_flow": "normal",
        "wheelchair": "yes"
      }
    },
    {
      "type": "Feature",
      "geometry": {
        "type": "Point",
        "coordinates": [
          14.3754423,
          50.033014
        ]
      },
      "properties": {
        "@type": "node",
        "@id": 11079612636,
        "@url": "https://www.openstreetmap.org/node/11079612636",
        "access": "yes",
        "activation": "button",
        "activation:action": "push",
        "amenity": "drinking_water",
        "bottle": "yes",
        "check_date": "2026",
        "description": "Brčko Tilleho náměstí pěší zóna",
        "dog": "no",
        "fee": "no",
        "fountain": "spout",
        "installation:seasonal": "yes",
        "manufacturer": "PVK",
        "material": "metal",
        "mist_spraying_cooler": "yes",
        "model": "brčko",
        "opening_hours": "24/7",
        "ref:prazskapitka": "121",
        "seasonal": "summer",
        "water_flow": "normal",
        "wheelchair": "yes"
      }
    },
    {
      "type": "Feature",
      "geometry": {
        "type": "Point",
        "coordinates": [
          14.371414,
          50.0315426
        ]
      },
      "properties": {
        "@type": "node",
        "@id": 11079628179,
        "@url": "https://www.openstreetmap.org/node/11079628179",
        "access": "yes",
        "activation": "turn_valve",
        "activation:action": "turn",
        "amenity": "drinking_water",
        "bottle": "yes",
        "check_date": "2026-07-06",
        "description": "Pítko sídliště Barrandov",
        "dog": "no",
        "drinking_water": "yes",
        "fee": "no",
        "fountain": "spout",
        "manufacturer": "Urbania",
        "material": "metal",
        "model": "Beata",
        "opening_hours": "24/7",
        "ref:prazskapitka": "112",
        "seasonal": "summer",
        "water_flow": "adjustable",
        "wheelchair": "limited"
      }
    },
    {
      "type": "Feature",
      "geometry": {
        "type": "Point",
        "coordinates": [
          14.3769347,
          50.0342561
        ]
      },
      "properties": {
        "@type": "node",
        "@id": 11079632435,
        "@url": "https://www.openstreetmap.org/node/11079632435",
        "access": "yes",
        "activation": "button",
        "activation:action": "push",
        "amenity": "drinking_water",
        "bottle": "yes",
        "check_date": "2026",
        "description": "brčko Tilleho náměstí pěší zóna",
        "dog": "no",
        "fee": "no",
        "fountain": "spout",
        "installation:seasonal": "yes",
        "manufacturer": "PVK",
        "material": "metal",
        "mist_spraying_cooler": "yes",
        "model": "brčko",
        "opening_hours": "24/7",
        "ref:prazskapitka": "113",
        "seasonal": "summer",
        "water_flow": "normal",
        "wheelchair": "yes"
      }
    },
    {
      "type": "Feature",
      "geometry": {
        "type": "Point",
        "coordinates": [
          14.5222762,
          50.057342
        ]
      },
      "properties": {
        "@type": "node",
        "@id": 11176437911,
        "@url": "https://www.openstreetmap.org/node/11176437911",
        "access": "yes",
        "amenity": "drinking_water",
        "bottle": "no",
        "button_operated": "yes",
        "check_date": "2025",
        "description": "Pítko park Pražská",
        "dog": "no",
        "drinking_water": "yes",
        "fee": "no",
        "fountain": "drinking",
        "manufacturer": "azp",
        "material": "metal",
        "model": "AFO_02",
        "opening_hours": "24/7",
        "ref:prazskapitka": "294",
        "seasonal": "summer",
        "water_flow": "weak",
        "wheelchair": "yes"
      }
    },
    {
      "type": "Feature",
      "geometry": {
        "type": "Point",
        "coordinates": [
          14.4241049,
          50.1084621
        ]
      },
      "properties": {
        "@type": "node",
        "@id": 11177200127,
        "@url": "https://www.openstreetmap.org/node/11177200127",
        "access": "yes",
        "amenity": "drinking_water",
        "bottle": "yes",
        "button_operated": "yes",
        "check_date": "2025",
        "description": "Pítko Výstaviště západ",
        "dog": "no",
        "fee": "no",
        "fountain": "spout",
        "manufacturer": "Urbania",
        "material": "metal",
        "model": "Beata",
        "ref:prazskapitka": "239",
        "seasonal": "summer",
        "water_flow": "normal",
        "wheelchair": "limited"
      }
    },
    {
      "type": "Feature",
      "geometry": {
        "type": "Point",
        "coordinates": [
          14.4254814,
          50.0826381
        ]
      },
      "properties": {
        "@type": "node",
        "@id": 11182125240,
        "@url": "https://www.openstreetmap.org/node/11182125240",
        "access": "yes",
        "activation": "button",
        "activation:action": "push",
        "amenity": "drinking_water",
        "bottle": "yes",
        "check_date": "2026",
        "description": "Pítko Václavské náměstí VII",
        "dog": "no",
        "fee": "no",
        "fountain": "spout",
        "manufacturer": "Urbidermis",
        "material": "metal",
        "model": "Atlántida",
        "opening_hours": "24/7",
        "ref:prazskapitka": "168",
        "seasonal": "summer",
        "water_flow": "normal",
        "wheelchair": "yes"
      }
    },
    {
      "type": "Feature",
      "geometry": {
        "type": "Point",
        "coordinates": [
          14.4203527,
          50.1001546
        ]
      },
      "properties": {
        "@type": "node",
        "@id": 11219765969,
        "@url": "https://www.openstreetmap.org/node/11219765969",
        "access": "yes",
        "activation": "button",
        "activation:action": "push",
        "amenity": "drinking_water",
        "bottle": "yes",
        "check_date": "2025",
        "description": "Pítko Korunovační",
        "dog": "no",
        "fee": "no",
        "fountain": "spout",
        "man_made": "water_tap",
        "manufacturer": "REX",
        "material": "cast_iron",
        "model": "Prameník",
        "operator": "Praha 7",
        "ref:prazskapitka": "183",
        "seasonal": "summer",
        "water_flow": "normal",
        "wheelchair": "no"
      }
    },
    {
      "type": "Feature",
      "geometry": {
        "type": "Point",
        "coordinates": [
          14.5324666,
          50.0288801
        ]
      },
      "properties": {
        "@type": "node",
        "@id": 11816767058,
        "@url": "https://www.openstreetmap.org/node/11816767058",
        "access": "yes",
        "amenity": "drinking_water",
        "bottle": "yes",
        "button_operated": "yes",
        "check_date": "2024",
        "cold_water": "yes",
        "description": "pítko park Křtinská",
        "dog": "no",
        "fee": "no",
        "fountain": "spout",
        "manufacturer": "Urbania",
        "material": "metal",
        "model": "Beata",
        "opening_hours": "24/7",
        "ref:prazskapitka": "177",
        "seasonal": "summer",
        "water_flow": "normal",
        "wheelchair": "limited"
      }
    },
    {
      "type": "Feature",
      "geometry": {
        "type": "Point",
        "coordinates": [
          14.4384783,
          50.1527364
        ]
      },
      "properties": {
        "@type": "node",
        "@id": 11821339362,
        "@url": "https://www.openstreetmap.org/node/11821339362",
        "access": "yes",
        "amenity": "drinking_water",
        "bottle": "yes",
        "button_operated": "yes",
        "check_date": "2025",
        "description": "Pítko Dolní Chabry",
        "dog": "yes",
        "fee": "no",
        "fountain": "spout",
        "manufacturer": "Metalco",
        "material": "metal",
        "model": "Fuente_dog",
        "opening_hours": "24/7",
        "ref:prazskapitka": "286",
        "seasonal": "summer",
        "water_flow": "normal",
        "wheelchair": "yes"
      }
    },
    {
      "type": "Feature",
      "geometry": {
        "type": "Point",
        "coordinates": [
          14.4721478,
          50.1305928
        ]
      },
      "properties": {
        "@type": "node",
        "@id": 11848442087,
        "@url": "https://www.openstreetmap.org/node/11848442087",
        "access": "yes",
        "activation": "button",
        "activation:action": "push",
        "amenity": "drinking_water",
        "bottle": "yes",
        "check_date": "2026",
        "description": "Pítko psí hřiště Famfulíkova",
        "dog": "yes",
        "fee": "no",
        "fountain": "spout",
        "material": "metal",
        "opening_hours": "24/7",
        "ref:prazskapitka": "260",
        "seasonal": "summer",
        "water_flow": "normal",
        "wheelchair": "limited"
      }
    },
    {
      "type": "Feature",
      "geometry": {
        "type": "Point",
        "coordinates": [
          14.3878869,
          50.0877382
        ]
      },
      "properties": {
        "@type": "node",
        "@id": 11903879303,
        "@url": "https://www.openstreetmap.org/node/11903879303",
        "access": "yes",
        "access:conditional": "yes @ (May-Sep)",
        "activation": "button",
        "activation:action": "push",
        "amenity": "drinking_water",
        "bottle": "yes",
        "check_date": "2026-05-12",
        "description": "Brčko Parléřova",
        "dog": "no",
        "fee": "no",
        "fountain": "bottle_refill",
        "installation:seasonal": "yes",
        "manufacturer": "PVK",
        "material": "metal",
        "mist_spraying_cooler": "yes",
        "model": "brčko",
        "opening_hours": "24/7",
        "ref:prazskapitka": "334",
        "seasonal": "summer",
        "water_flow": "normal",
        "wheelchair": "yes"
      }
    },
    {
      "type": "Feature",
      "geometry": {
        "type": "Point",
        "coordinates": [
          14.4964232,
          50.084195
        ]
      },
      "properties": {
        "@type": "node",
        "@id": 11963471310,
        "@url": "https://www.openstreetmap.org/node/11963471310",
        "access": "yes",
        "activation": "button",
        "activation:action": "push",
        "amenity": "drinking_water",
        "bottle": "yes",
        "check_date": "2025",
        "description": "Pítko Malešický park západ",
        "dog": "no",
        "fee": "no",
        "fountain": "spout",
        "manufacturer": "Urbania",
        "material": "metal",
        "model": "Escape",
        "opening_hours": "24/7",
        "ref:prazskapitka": "150",
        "seasonal": "summer",
        "water_flow": "normal",
        "wheelchair": "yes"
      }
    },
    {
      "type": "Feature",
      "geometry": {
        "type": "Point",
        "coordinates": [
          14.4964285,
          50.0578954
        ]
      },
      "properties": {
        "@type": "node",
        "@id": 12075071020,
        "@url": "https://www.openstreetmap.org/node/12075071020",
        "access": "yes",
        "amenity": "drinking_water",
        "bottle": "no",
        "button_operated": "yes",
        "check_date": "2025",
        "description": "Pítko Slunečnice",
        "dog": "no",
        "fee": "no",
        "fountain": "bubbler",
        "opening_hours": "24/7",
        "ref:prazskapitka": "107",
        "seasonal": "summer",
        "water_flow": "normal",
        "wheelchair": "no"
      }
    },
    {
      "type": "Feature",
      "geometry": {
        "type": "Point",
        "coordinates": [
          14.4938836,
          50.1090556
        ]
      },
      "properties": {
        "@type": "node",
        "@id": 12075533050,
        "@url": "https://www.openstreetmap.org/node/12075533050",
        "access": "yes",
        "amenity": "drinking_water",
        "bottle": "yes",
        "check_date": "2026-09-22",
        "description": "Pítko hřiště Sokolovská",
        "dog": "no",
        "fee": "no",
        "fountain": "spout",
        "ref:prazskapitka": "228",
        "seasonal": "summer",
        "wheelchair": "yes"
      }
    },
    {
      "type": "Feature",
      "geometry": {
        "type": "Point",
        "coordinates": [
          14.6204266,
          50.1094247
        ]
      },
      "properties": {
        "@type": "node",
        "@id": 12075654079,
        "@url": "https://www.openstreetmap.org/node/12075654079",
        "access": "yes",
        "activation": "button",
        "activation:action": "push",
        "amenity": "drinking_water",
        "bottle": "yes",
        "check_date": "2026",
        "description": "Pítko park Houslový klíč jih",
        "dog": "no",
        "fee": "no",
        "fountain": "bubbler",
        "material": "metal",
        "opening_hours": "24/7",
        "panoramax": "c34c4e10-9cc2-4a9f-8a19-d9a3e52e3057",
        "ref:prazskapitka": "329",
        "seasonal": "summer",
        "water_flow": "normal",
        "wheelchair": "yes"
      }
    },
    {
      "type": "Feature",
      "geometry": {
        "type": "Point",
        "coordinates": [
          14.4406761,
          50.1086259
        ]
      },
      "properties": {
        "@type": "node",
        "@id": 12085403460,
        "@url": "https://www.openstreetmap.org/node/12085403460",
        "access": "yes",
        "activation": "continuous",
        "amenity": "drinking_water",
        "bottle": "yes",
        "check_date": "2026",
        "description": "Pítko nádraží Holešovice",
        "dog": "no",
        "fee": "no",
        "fountain": "decorative",
        "opening_hours": "24/7",
        "ref:drobne_pamatky": "77842",
        "ref:prazskapitka": "170",
        "seasonal": "summer",
        "water_flow": "adjustable",
        "wheelchair": "yes",
        "wikidata": "Q123719641"
      }
    },
    {
      "type": "Feature",
      "geometry": {
        "type": "Point",
        "coordinates": [
          14.4087147,
          50.0841463
        ]
      },
      "properties": {
        "@type": "node",
        "@id": 12116439278,
        "@url": "https://www.openstreetmap.org/node/12116439278",
        "access": "yes",
        "amenity": "drinking_water",
        "bottle": "yes",
        "button_operated": "yes",
        "check_date": "2026",
        "description": "Pítko kampa",
        "dog": "yes",
        "fee": "no",
        "fountain": "spout",
        "manufacturer": "Metalco",
        "material": "metal",
        "model": "Fuente_dog",
        "opening_hours": "24/7",
        "ref:prazskapitka": "288",
        "seasonal": "summer",
        "water_flow": "normal",
        "wheelchair": "yes"
      }
    },
    {
      "type": "Feature",
      "geometry": {
        "type": "Point",
        "coordinates": [
          14.4097995,
          50.0531249
        ]
      },
      "properties": {
        "@type": "node",
        "@id": 12309066444,
        "@url": "https://www.openstreetmap.org/node/12309066444",
        "access": "yes",
        "activation": "button",
        "activation:action": "push",
        "amenity": "drinking_water",
        "bottle": "no",
        "check_date": "2026",
        "covered": "no",
        "description": "Pítko vnitroblok U Lihovaru",
        "dog": "no",
        "fee": "no",
        "fountain": "bubbler",
        "indoor": "no",
        "level": "0",
        "manufacturer": "mmcité",
        "material": "metal",
        "model": "Hydro_410",
        "opening_hours": "24/7",
        "operator": "Trigema",
        "ref:prazskapitka": "282",
        "seasonal": "summer",
        "start_date": "2024",
        "water_flow": "normal",
        "wheelchair": "yes"
      }
    },
    {
      "type": "Feature",
      "geometry": {
        "type": "Point",
        "coordinates": [
          14.3721004,
          50.1316856
        ]
      },
      "properties": {
        "@type": "node",
        "@id": 12401029375,
        "@url": "https://www.openstreetmap.org/node/12401029375",
        "access": "yes",
        "activation": "button",
        "activation:action": "push",
        "amenity": "drinking_water",
        "bottle": "yes",
        "check_date": "2026",
        "description": "Pítko ČZU",
        "dog": "no",
        "fee": "no",
        "fountain": "spout",
        "man_made": "water_tap",
        "manufacturer": "REX",
        "material": "cast_iron",
        "model": "Prameník",
        "opening_hours": "24/7",
        "ref:prazskapitka": "331",
        "seasonal": "summer",
        "water_flow": "normal",
        "wheelchair": "yes"
      }
    },
    {
      "type": "Feature",
      "geometry": {
        "type": "Point",
        "coordinates": [
          14.3768364,
          50.1325432
        ]
      },
      "properties": {
        "@type": "node",
        "@id": 12401029376,
        "@url": "https://www.openstreetmap.org/node/12401029376",
        "access": "yes",
        "activation": "button",
        "activation:action": "push",
        "amenity": "drinking_water",
        "bottle": "yes",
        "check_date": "2026",
        "description": "Pítko U Kruhovky",
        "dog": "no",
        "fee": "no",
        "fountain": "spout",
        "manufacturer": "Urbania",
        "material": "metal",
        "model": "Beata",
        "opening_hours": "24/7",
        "ref:prazskapitka": "98",
        "seasonal": "summer",
        "water_flow": "normal",
        "wheelchair": "yes"
      }
    },
    {
      "type": "Feature",
      "geometry": {
        "type": "Point",
        "coordinates": [
          14.3856248,
          49.9692939
        ]
      },
      "properties": {
        "@type": "node",
        "@id": 12404441185,
        "@url": "https://www.openstreetmap.org/node/12404441185",
        "access": "yes",
        "amenity": "drinking_water",
        "bottle": "yes",
        "button_operated": "yes",
        "check_date": "2025",
        "covered": "no",
        "description": "Pítko Pirnerova",
        "dog": "no",
        "fee": "no",
        "fountain": "spout",
        "indoor": "no",
        "lit": "no",
        "manufacturer": "Benito",
        "material": "metal",
        "model": "Atlas",
        "opening_hours": "24/7",
        "ref:prazskapitka": "287",
        "seasonal": "summer",
        "source": "survey",
        "water_flow": "normal",
        "wheelchair": "no"
      }
    },
    {
      "type": "Feature",
      "geometry": {
        "type": "Point",
        "coordinates": [
          14.4228859,
          50.0907279
        ]
      },
      "properties": {
        "@type": "node",
        "@id": 12467117450,
        "@url": "https://www.openstreetmap.org/node/12467117450",
        "access": "yes",
        "activation": "button",
        "activation:action": "push",
        "amenity": "drinking_water",
        "bottle": "yes",
        "check_date": "2025",
        "description": "Pítko Kozí plácek",
        "dog": "no",
        "fee": "no",
        "fountain": "spout",
        "man_made": "water_tap",
        "manufacturer": "REX",
        "material": "cast_iron",
        "model": "Orfeus",
        "opening_hours": "24/7",
        "ref:prazskapitka": "25",
        "seasonal": "summer",
        "water_flow": "normal",
        "wheelchair": "yes"
      }
    },
    {
      "type": "Feature",
      "geometry": {
        "type": "Point",
        "coordinates": [
          14.3099576,
          50.0469586
        ]
      },
      "properties": {
        "@type": "node",
        "@id": 12624268499,
        "@url": "https://www.openstreetmap.org/node/12624268499",
        "access": "yes",
        "amenity": "drinking_water",
        "bottle": "yes",
        "button_operated": "yes",
        "check_date": "2025",
        "description": "Pítko Stodůlky",
        "dog": "no",
        "fee": "no",
        "fountain": "drinking",
        "material": "stone",
        "opening_hours": "24/7",
        "ref:prazskapitka": "155",
        "seasonal": "summer",
        "water_flow": "normal",
        "wheelchair": "yes"
      }
    },
    {
      "type": "Feature",
      "geometry": {
        "type": "Point",
        "coordinates": [
          14.4619892,
          50.0879424
        ]
      },
      "properties": {
        "@type": "node",
        "@id": 12765594629,
        "@url": "https://www.openstreetmap.org/node/12765594629",
        "access": "yes",
        "amenity": "drinking_water",
        "bottle": "yes",
        "button_operated": "yes",
        "check_date": "2025",
        "description": "Pítko náměstí Barikád",
        "dog": "no",
        "drinking_water": "yes",
        "fee": "no",
        "fountain": "spout",
        "manufacturer": "REX",
        "material": "cast_iron",
        "model": "Orfeus",
        "opening_hours": "24/7",
        "ref:prazskapitka": "140",
        "seasonal": "summer",
        "water_flow": "normal",
        "wheelchair": "yes"
      }
    },
    {
      "type": "Feature",
      "geometry": {
        "type": "Point",
        "coordinates": [
          14.4611451,
          50.0844503
        ]
      },
      "properties": {
        "@type": "node",
        "@id": 12802316783,
        "@url": "https://www.openstreetmap.org/node/12802316783",
        "access": "yes",
        "amenity": "drinking_water",
        "bottle": "yes",
        "button_operated": "yes",
        "check_date": "2026",
        "description": "Pítko Parukářka jih",
        "dog": "no",
        "fee": "no",
        "fountain": "spout",
        "manufacturer": "Urbania",
        "material": "metal",
        "model": "Beata",
        "opening_hours": "24/7",
        "ref:prazskapitka": "31",
        "seasonal": "summer",
        "water_flow": "normal",
        "wheelchair": "limited"
      }
    },
    {
      "type": "Feature",
      "geometry": {
        "type": "Point",
        "coordinates": [
          14.3712963,
          50.0215255
        ]
      },
      "properties": {
        "@type": "node",
        "@id": 12813866990,
        "@url": "https://www.openstreetmap.org/node/12813866990",
        "access": "yes",
        "activation": "button",
        "activation:action": "hold",
        "amenity": "drinking_water",
        "bottle": "yes",
        "check_date": "2026",
        "description": "Pítko park Granátová",
        "dog": "no",
        "fee": "no",
        "fountain": "spout",
        "manufacturer": "Benito",
        "material": "metal",
        "model": "Atlas",
        "opening_hours": "24/7",
        "ref:prazskapitka": "245",
        "seasonal": "summer",
        "water_flow": "normal",
        "wheelchair": "yes"
      }
    },
    {
      "type": "Feature",
      "geometry": {
        "type": "Point",
        "coordinates": [
          14.4319476,
          50.0581813
        ]
      },
      "properties": {
        "@type": "node",
        "@id": 12875985969,
        "@url": "https://www.openstreetmap.org/node/12875985969",
        "access": "yes",
        "activation": "button",
        "activation:action": "push",
        "amenity": "drinking_water",
        "bottle": "yes",
        "check_date": "2026",
        "description": "Pítko u kostela sv. Pankráce",
        "dog": "no",
        "fee": "no",
        "fountain": "spout",
        "material": "metal",
        "model": "Roma",
        "opening_hours": "24/7",
        "ref:prazskapitka": "200",
        "seasonal": "summer",
        "water_flow": "normal",
        "wheelchair": "limited"
      }
    },
    {
      "type": "Feature",
      "geometry": {
        "type": "Point",
        "coordinates": [
          14.4532431,
          50.087823
        ]
      },
      "properties": {
        "@type": "node",
        "@id": 12951669201,
        "@url": "https://www.openstreetmap.org/node/12951669201",
        "access": "yes",
        "amenity": "drinking_water",
        "bottle": "yes",
        "button_operated": "yes",
        "check_date": "2026",
        "description": "Pítko Tachovské náměstí",
        "dog": "no",
        "drinking_water": "yes",
        "fee": "no",
        "fountain": "bubbler",
        "material": "metal",
        "opening_hours": "24/7",
        "ref:prazskapitka": "291",
        "seasonal": "summer",
        "water_flow": "normal",
        "wheelchair": "yes"
      }
    },
    {
      "type": "Feature",
      "geometry": {
        "type": "Point",
        "coordinates": [
          14.4478962,
          50.0881945
        ]
      },
      "properties": {
        "@type": "node",
        "@id": 12962109997,
        "@url": "https://www.openstreetmap.org/node/12962109997",
        "access": "yes",
        "amenity": "drinking_water",
        "bottle": "yes",
        "button_operated": "yes",
        "check_date": "2025",
        "description": "Brčko Vítkov",
        "dog": "no",
        "fee": "no",
        "fountain": "spout",
        "installation:seasonal": "yes",
        "manufacturer": "PVK",
        "material": "metal",
        "mist_spraying_cooler": "yes",
        "model": "brčko",
        "opening_hours": "24/7",
        "ref:prazskapitka": "290",
        "seasonal": "summer",
        "water_flow": "normal",
        "wheelchair": "yes"
      }
    },
    {
      "type": "Feature",
      "geometry": {
        "type": "Point",
        "coordinates": [
          14.6582562,
          50.0774922
        ]
      },
      "properties": {
        "@type": "node",
        "@id": 12985469713,
        "@url": "https://www.openstreetmap.org/node/12985469713",
        "amenity": "drinking_water",
        "fountain": "bubbler",
        "seasonal": "yes"
      }
    },
    {
      "type": "Feature",
      "geometry": {
        "type": "Point",
        "coordinates": [
          14.6580196,
          50.0776405
        ]
      },
      "properties": {
        "@type": "node",
        "@id": 12985469718,
        "@url": "https://www.openstreetmap.org/node/12985469718",
        "access": "yes",
        "amenity": "drinking_water",
        "bottle": "yes",
        "button_operated": "yes",
        "check_date": "2026",
        "description": "Pítko hřiště Čentická jih",
        "dog": "no",
        "fee": "no",
        "fountain": "bubbler",
        "material": "stone",
        "ref:prazskapitka": "221",
        "seasonal": "summer",
        "water_flow": "normal",
        "wheelchair": "limited"
      }
    },
    {
      "type": "Feature",
      "geometry": {
        "type": "Point",
        "coordinates": [
          14.4027926,
          50.1029296
        ]
      },
      "properties": {
        "@type": "node",
        "@id": 13045455065,
        "@url": "https://www.openstreetmap.org/node/13045455065",
        "access": "yes",
        "amenity": "drinking_water",
        "bottle": "yes",
        "button_operated": "yes",
        "check_date": "2026",
        "description": "Pítko Puškinovo náměstí",
        "dog": "yes",
        "fee": "no",
        "fountain": "bubbler",
        "material": "metal",
        "opening_hours": "24/7",
        "ref:prazskapitka": "48",
        "seasonal": "summer",
        "water_flow": "normal",
        "wheelchair": "yes"
      }
    },
    {
      "type": "Feature",
      "geometry": {
        "type": "Point",
        "coordinates": [
          14.540274,
          50.0743252
        ]
      },
      "properties": {
        "@type": "node",
        "@id": 13048471974,
        "@url": "https://www.openstreetmap.org/node/13048471974",
        "access": "yes",
        "activation": "turn_valve",
        "amenity": "drinking_water",
        "bottle": "yes",
        "check_date": "2026",
        "description": "Pítko Fashion Arena Štěrboholy",
        "dog": "no",
        "fee": "no",
        "fountain": "spout",
        "manufacturer": "Metalco",
        "material": "metal",
        "model": "Fuente_E",
        "opening_hours": "24/7",
        "ref:prazskapitka": "326",
        "seasonal": "summer",
        "water_flow": "adjustable",
        "wheelchair": "yes"
      }
    },
    {
      "type": "Feature",
      "geometry": {
        "type": "Point",
        "coordinates": [
          14.397691,
          50.0981426
        ]
      },
      "properties": {
        "@type": "node",
        "@id": 13058239700,
        "@url": "https://www.openstreetmap.org/node/13058239700",
        "access": "yes",
        "amenity": "drinking_water",
        "bottle": "yes",
        "button_operated": "yes",
        "check_date": "2026",
        "description": "Pítko Šabachův park",
        "dog": "no",
        "fee": "no",
        "fountain": "spout",
        "manufacturer": "Urbidermis",
        "material": "metal",
        "model": "Atlántida",
        "opening_hours": "24/7",
        "ref:prazskapitka": "333",
        "seasonal": "summer",
        "water_flow": "normal",
        "wheelchair": "yes"
      }
    },
    {
      "type": "Feature",
      "geometry": {
        "type": "Point",
        "coordinates": [
          14.3361737,
          50.0847954
        ]
      },
      "properties": {
        "@type": "node",
        "@id": 13084387839,
        "@url": "https://www.openstreetmap.org/node/13084387839",
        "access": "yes",
        "amenity": "drinking_water",
        "bottle": "yes",
        "button_operated": "yes",
        "check_date": "2026",
        "description": "Pítko Hvězda",
        "dog": "no",
        "fee": "no",
        "fountain": "spout",
        "model": "Orfeus_double",
        "opening_hours": "24/7",
        "ref:prazskapitka": "87",
        "seasonal": "summer",
        "water_flow": "normal",
        "wheelchair": "yes",
        "wikimedia_commons": "File:Obora Hvězda - pítko u Petřin.jpg"
      }
    },
    {
      "type": "Feature",
      "geometry": {
        "type": "Point",
        "coordinates": [
          14.3963664,
          50.0866502
        ]
      },
      "properties": {
        "@type": "node",
        "@id": 13084991876,
        "@url": "https://www.openstreetmap.org/node/13084991876",
        "access": "yes",
        "amenity": "drinking_water",
        "bottle": "yes",
        "button_operated": "yes",
        "check_date": "2025",
        "description": "Pítko Vlašská",
        "dog": "no",
        "fee": "no",
        "fountain": "spout",
        "manufacturer": "Urbania",
        "material": "metal",
        "model": "Beata",
        "opening_hours": "24/7",
        "ref:prazskapitka": "293",
        "seasonal": "summer",
        "start_date": "2025",
        "water_flow": "normal",
        "wheelchair": "yes"
      }
    },
    {
      "type": "Feature",
      "geometry": {
        "type": "Point",
        "coordinates": [
          14.410939,
          50.1161934
        ]
      },
      "properties": {
        "@type": "node",
        "@id": 13088983178,
        "@url": "https://www.openstreetmap.org/node/13088983178",
        "amenity": "drinking_water",
        "fountain": "bubbler"
      }
    },
    {
      "type": "Feature",
      "geometry": {
        "type": "Point",
        "coordinates": [
          14.5842242,
          50.0893811
        ]
      },
      "properties": {
        "@type": "node",
        "@id": 13093898824,
        "@url": "https://www.openstreetmap.org/node/13093898824",
        "amenity": "drinking_water"
      }
    },
    {
      "type": "Feature",
      "geometry": {
        "type": "Point",
        "coordinates": [
          14.4480229,
          50.108632
        ]
      },
      "properties": {
        "@type": "node",
        "@id": 13177480661,
        "@url": "https://www.openstreetmap.org/node/13177480661",
        "access": "yes",
        "activation": "pedal",
        "activation:action": "step_on",
        "amenity": "drinking_water",
        "bottle": "yes",
        "check_date": "2026",
        "description": "Pítko Ortenovo náměstí sever",
        "dog": "no",
        "fee": "no",
        "fountain": "spout",
        "manufacturer": "EP_Studio",
        "material": "metal",
        "model": "P",
        "opening_hours": "24/7",
        "ref:prazskapitka": "317",
        "seasonal": "summer",
        "water_flow": "normal",
        "wheelchair": "limited"
      }
    },
    {
      "type": "Feature",
      "geometry": {
        "type": "Point",
        "coordinates": [
          14.4280779,
          50.0694265
        ]
      },
      "properties": {
        "@type": "node",
        "@id": 13296631523,
        "@url": "https://www.openstreetmap.org/node/13296631523",
        "access": "yes",
        "activation": "turn_valve",
        "activation:action": "turn",
        "amenity": "drinking_water",
        "bottle": "yes",
        "check_date": "2026",
        "description": "Pítko Mff UK Ke Karlovu 3",
        "dog": "no",
        "fee": "no",
        "fountain": "spout",
        "manufacturer": "REX",
        "material": "cast_iron",
        "model": "Orfeus",
        "opening_hours": "08:00-18:00",
        "ref:prazskapitka": "179",
        "seasonal": "summer",
        "water_flow": "adjustable",
        "wheelchair": "yes"
      }
    },
    {
      "type": "Feature",
      "geometry": {
        "type": "Point",
        "coordinates": [
          14.4406869,
          50.0803162
        ]
      },
      "properties": {
        "@type": "node",
        "@id": 13429021025,
        "@url": "https://www.openstreetmap.org/node/13429021025",
        "access": "yes",
        "activation": "button",
        "activation:action": "push",
        "amenity": "drinking_water",
        "bottle": "yes",
        "check_date": "2026",
        "description": "Pítko Riegrovy sady střed",
        "dog": "no",
        "fee": "no",
        "fountain": "spout",
        "manufacturer": "REX",
        "material": "cast_iron",
        "model": "Orfeus",
        "opening_hours": "24/7",
        "ref:prazskapitka": "251",
        "seasonal": "summer",
        "water_flow": "normal",
        "wheelchair": "yes"
      }
    },
    {
      "type": "Feature",
      "geometry": {
        "type": "Point",
        "coordinates": [
          14.4416383,
          50.0809891
        ]
      },
      "properties": {
        "@type": "node",
        "@id": 13429021026,
        "@url": "https://www.openstreetmap.org/node/13429021026",
        "access": "yes",
        "amenity": "drinking_water",
        "bottle": "yes",
        "button_operated": "yes",
        "check_date": "2026",
        "description": "Pítko Riegrovy sady",
        "dog": "no",
        "fee": "no",
        "fountain": "spout",
        "manufacturer": "REX",
        "material": "cast_iron",
        "model": "Orfeus",
        "opening_hours": "24/7",
        "ref:prazskapitka": "28",
        "seasonal": "summer",
        "water_flow": "normal",
        "wheelchair": "yes"
      }
    },
    {
      "type": "Feature",
      "geometry": {
        "type": "Point",
        "coordinates": [
          14.4484441,
          50.1121709
        ]
      },
      "properties": {
        "@type": "node",
        "@id": 13429131130,
        "@url": "https://www.openstreetmap.org/node/13429131130",
        "access": "yes",
        "amenity": "drinking_water",
        "bottle": "yes",
        "button_operated": "yes",
        "check_date": "2026",
        "description": "Pítko park U Vody (Pod Jabloní)",
        "dog": "no",
        "fee": "no",
        "fountain": "spout",
        "manufacturer": "Metalco",
        "material": "metal",
        "model": "Paraguas",
        "opening_hours": "24/7",
        "ref:prazskapitka": "315",
        "seasonal": "summer",
        "start_date": "2025-09-05",
        "water_flow": "normal",
        "wheelchair": "limited"
      }
    },
    {
      "type": "Feature",
      "geometry": {
        "type": "Point",
        "coordinates": [
          14.5066851,
          50.1347265
        ]
      },
      "properties": {
        "@type": "node",
        "@id": 13439360432,
        "@url": "https://www.openstreetmap.org/node/13439360432",
        "access": "yes",
        "activation": "button",
        "activation:action": "push",
        "amenity": "drinking_water",
        "bottle": "yes",
        "check_date": "2026",
        "description": "Pítko Tupolevova",
        "dog": "yes",
        "fee": "no",
        "fountain": "bubbler",
        "manufacturer": "Benito",
        "material": "metal",
        "model": "Husky",
        "opening_hours": "24/7",
        "ref:prazskapitka": "318",
        "seasonal": "summer",
        "water_flow": "normal",
        "wheelchair": "yes"
      }
    },
    {
      "type": "Feature",
      "geometry": {
        "type": "Point",
        "coordinates": [
          14.4252903,
          50.1095792
        ]
      },
      "properties": {
        "@type": "node",
        "@id": 13521376208,
        "@url": "https://www.openstreetmap.org/node/13521376208",
        "access": "yes",
        "amenity": "drinking_water",
        "bottle": "yes",
        "button_operated": "yes",
        "check_date": "2025",
        "description": "pítko Výstaviště",
        "dog": "no",
        "fee": "no",
        "fountain": "spout",
        "manufacturer": "Urbania",
        "material": "metal",
        "model": "Beata",
        "ref:prazskapitka": "258",
        "seasonal": "summer",
        "water_flow": "normal",
        "wheelchair": "yes"
      }
    },
    {
      "type": "Feature",
      "geometry": {
        "type": "Point",
        "coordinates": [
          14.48611,
          50.0498897
        ]
      },
      "properties": {
        "@type": "node",
        "@id": 13550903199,
        "@url": "https://www.openstreetmap.org/node/13550903199",
        "access": "yes",
        "amenity": "drinking_water",
        "bottle": "yes",
        "button_operated": "yes",
        "check_date": "2026",
        "description": "Pítko Měchenická",
        "dog": "no",
        "fee": "no",
        "fountain": "spout",
        "indoor": "no",
        "material": "metal",
        "model": "Roma",
        "opening_hours": "24/7",
        "ref:prazskapitka": "324",
        "seasonal": "summer",
        "water_flow": "normal",
        "wheelchair": "yes"
      }
    },
    {
      "type": "Feature",
      "geometry": {
        "type": "Point",
        "coordinates": [
          14.3109995,
          50.0921686
        ]
      },
      "properties": {
        "@type": "node",
        "@id": 13630253610,
        "@url": "https://www.openstreetmap.org/node/13630253610",
        "amenity": "drinking_water",
        "check_date": "2026-09-11"
      }
    },
    {
      "type": "Feature",
      "geometry": {
        "type": "Point",
        "coordinates": [
          14.453342,
          50.0892499
        ]
      },
      "properties": {
        "@type": "node",
        "@id": 13695537569,
        "@url": "https://www.openstreetmap.org/node/13695537569",
        "access": "yes",
        "amenity": "drinking_water",
        "bottle": "no",
        "check_date": "2026",
        "description": "Pítko Pražačka",
        "dog": "yes",
        "fee": "no",
        "fountain": "bubbler",
        "manufacturer": "Vandesign",
        "material": "metal",
        "model": "Juncus_K",
        "opening_hours": "24/7",
        "ref:prazskapitka": "308",
        "seasonal": "summer",
        "start_date": "2026-02-01",
        "wheelchair": "yes"
      }
    },
    {
      "type": "Feature",
      "geometry": {
        "type": "Point",
        "coordinates": [
          14.4212117,
          50.057391
        ]
      },
      "properties": {
        "@type": "node",
        "@id": 13707630571,
        "@url": "https://www.openstreetmap.org/node/13707630571",
        "access": "yes",
        "activation": "button",
        "activation:action": "push",
        "amenity": "drinking_water",
        "bottle": "yes",
        "check_date": "2026",
        "description": "Pítko Nedvědovo náměstí střed",
        "dog": "no",
        "fee": "no",
        "fountain": "spout",
        "manufacturer": "Urbania",
        "material": "metal",
        "model": "Escape",
        "opening_hours": "24/7",
        "ref:prazskapitka": "320",
        "seasonal": "summer",
        "water_flow": "normal",
        "wheelchair": "yes"
      }
    },
    {
      "type": "Feature",
      "geometry": {
        "type": "Point",
        "coordinates": [
          14.4212317,
          50.057585
        ]
      },
      "properties": {
        "@type": "node",
        "@id": 13707637077,
        "@url": "https://www.openstreetmap.org/node/13707637077",
        "access": "yes",
        "activation": "button",
        "activation:action": "push",
        "amenity": "drinking_water",
        "bottle": "yes",
        "check_date": "2026",
        "description": "Pítko Nedvědovo náměstí sever",
        "dog": "no",
        "fee": "no",
        "fountain": "spout",
        "manufacturer": "Urbania",
        "material": "metal",
        "model": "Escape",
        "opening_hours": "24/7",
        "ref:prazskapitka": "321",
        "seasonal": "summer",
        "water_flow": "normal",
        "wheelchair": "yes"
      }
    },
    {
      "type": "Feature",
      "geometry": {
        "type": "Point",
        "coordinates": [
          14.4552967,
          50.0879248
        ]
      },
      "properties": {
        "@type": "node",
        "@id": 13738257085,
        "@url": "https://www.openstreetmap.org/node/13738257085",
        "access": "yes",
        "amenity": "drinking_water",
        "bottle": "yes",
        "button_operated": "yes",
        "check_date": "2026-04-17",
        "description": "Pítko cyklostezka Staré spojení",
        "dog": "yes",
        "fee": "no",
        "fountain": "spout",
        "opening_hours": "24/7",
        "ref:prazskapitka": "306",
        "seasonal": "summer",
        "water_flow": "normal",
        "wheelchair": "yes"
      }
    },
    {
      "type": "Feature",
      "geometry": {
        "type": "Point",
        "coordinates": [
          14.4401424,
          50.0810843
        ]
      },
      "properties": {
        "@type": "node",
        "@id": 13766036001,
        "@url": "https://www.openstreetmap.org/node/13766036001",
        "amenity": "drinking_water"
      }
    },
    {
      "type": "Feature",
      "geometry": {
        "type": "Point",
        "coordinates": [
          14.462263,
          50.0856642
        ]
      },
      "properties": {
        "@type": "node",
        "@id": 13794953626,
        "@url": "https://www.openstreetmap.org/node/13794953626",
        "access": "yes",
        "amenity": "drinking_water",
        "bottle": "yes",
        "button_operated": "yes",
        "check_date": "2026",
        "description": "Pítko Parukářka střed",
        "dog": "no",
        "fee": "no",
        "fountain": "spout",
        "manufacturer": "Benito",
        "material": "metal",
        "model": "Atlas",
        "opening_hours": "24/7",
        "ref:prazskapitka": "130",
        "seasonal": "summer",
        "water_flow": "normal",
        "wheelchair": "no"
      }
    },
    {
      "type": "Feature",
      "geometry": {
        "type": "Point",
        "coordinates": [
          14.4629643,
          50.0859408
        ]
      },
      "properties": {
        "@type": "node",
        "@id": 13794953629,
        "@url": "https://www.openstreetmap.org/node/13794953629",
        "access": "yes",
        "amenity": "drinking_water",
        "bottle": "no",
        "button_operated": "yes",
        "check_date": "2026",
        "description": "Pítko Parukářka sever",
        "dog": "yes",
        "fee": "no",
        "fountain": "spout",
        "material": "stone",
        "opening_hours": "24/7",
        "ref:prazskapitka": "131",
        "seasonal": "summer",
        "water_flow": "normal",
        "wheelchair": "no"
      }
    },
    {
      "type": "Feature",
      "geometry": {
        "type": "Point",
        "coordinates": [
          14.464991,
          50.085894
        ]
      },
      "properties": {
        "@type": "node",
        "@id": 13794953632,
        "@url": "https://www.openstreetmap.org/node/13794953632",
        "access": "yes",
        "amenity": "drinking_water",
        "bottle": "yes",
        "button_operated": "yes",
        "check_date": "2026",
        "description": "Pítko Parukářka východ",
        "dog": "no",
        "fee": "no",
        "fountain": "spout",
        "manufacturer": "Benito",
        "material": "metal",
        "model": "Atlas",
        "opening_hours": "24/7",
        "ref:prazskapitka": "30",
        "seasonal": "summer",
        "water_flow": "normal",
        "wheelchair": "limited"
      }
    },
    {
      "type": "Feature",
      "geometry": {
        "type": "Point",
        "coordinates": [
          14.4629364,
          50.0850582
        ]
      },
      "properties": {
        "@type": "node",
        "@id": 13794953633,
        "@url": "https://www.openstreetmap.org/node/13794953633",
        "access": "yes",
        "amenity": "drinking_water",
        "bottle": "yes",
        "button_operated": "yes",
        "check_date": "2026",
        "description": "Pítko Parukářka jihovýchod-střed",
        "dog": "no",
        "fee": "no",
        "fountain": "spout",
        "manufacturer": "Benito",
        "material": "metal",
        "model": "Atlas",
        "opening_hours": "24/7",
        "ref:prazskapitka": "269",
        "seasonal": "summer",
        "water_flow": "normal",
        "wheelchair": "yes"
      }
    },
    {
      "type": "Feature",
      "geometry": {
        "type": "Point",
        "coordinates": [
          14.4213458,
          50.0642194
        ]
      },
      "properties": {
        "@type": "node",
        "@id": 13889658635,
        "@url": "https://www.openstreetmap.org/node/13889658635",
        "access": "yes",
        "activation": "button",
        "activation:action": "push",
        "amenity": "drinking_water",
        "bottle": "yes",
        "check_date": "2026",
        "description": "Pítko V Pevnosti",
        "dog": "no",
        "fee": "no",
        "fountain": "spout",
        "manufacturer": "REX",
        "material": "cast_iron",
        "model": "Monachela",
        "opening_hours": "24/7",
        "ref:prazskapitka": "120",
        "seasonal": "summer",
        "water_flow": "normal",
        "wheelchair": "yes"
      }
    },
    {
      "type": "Feature",
      "geometry": {
        "type": "Point",
        "coordinates": [
          14.4213777,
          50.1094437
        ]
      },
      "properties": {
        "@type": "node",
        "@id": 13985099101,
        "@url": "https://www.openstreetmap.org/node/13985099101",
        "access": "yes",
        "activation": "button",
        "activation:action": "push",
        "amenity": "drinking_water",
        "bottle": "yes",
        "check_date": "2025",
        "description": "Pítko Stromovka sever",
        "dog": "no",
        "fee": "no",
        "fountain": "spout",
        "material": "metal",
        "model": "Tana",
        "opening_hours": "24/7",
        "ref:prazskapitka": "253",
        "seasonal": "summer",
        "water_flow": "normal",
        "wheelchair": "yes"
      }
    },
    {
      "type": "Feature",
      "geometry": {
        "type": "Point",
        "coordinates": [
          14.4936192,
          50.1089905
        ]
      },
      "properties": {
        "@type": "node",
        "@id": 13990725919,
        "@url": "https://www.openstreetmap.org/node/13990725919",
        "access": "yes",
        "activation": "button",
        "activation:action": "push",
        "amenity": "drinking_water",
        "bottle": "yes",
        "check_date": "2026-09-22",
        "description": "Pítko Fluvizem",
        "dog": "no",
        "fee": "no",
        "fountain": "decorative",
        "opening_hours": "24/7",
        "ref:prazskapitka": "344",
        "seasonal": "summer",
        "water_flow": "normal",
        "wheelchair": "limited"
      }
    },
    {
      "type": "Feature",
      "geometry": {
        "type": "Point",
        "coordinates": [
          14.4039591,
          50.1204088
        ]
      },
      "properties": {
        "@type": "node",
        "@id": 14002052302,
        "@url": "https://www.openstreetmap.org/node/14002052302",
        "amenity": "drinking_water",
        "check_date": "2026-07-10",
        "name": "Pítko"
      }
    },
    {
      "type": "Feature",
      "geometry": {
        "type": "Point",
        "coordinates": [
          14.435144,
          50.0499462
        ]
      },
      "properties": {
        "@type": "node",
        "@id": 14002352269,
        "@url": "https://www.openstreetmap.org/node/14002352269",
        "access": "yes",
        "amenity": "drinking_water",
        "fee": "no",
        "wheelchair": "yes"
      }
    },
    {
      "type": "Feature",
      "geometry": {
        "type": "Point",
        "coordinates": [
          14.4697541,
          50.1271214
        ]
      },
      "properties": {
        "@type": "node",
        "@id": 14026721430,
        "@url": "https://www.openstreetmap.org/node/14026721430",
        "access": "yes",
        "amenity": "drinking_water",
        "bottle": "yes",
        "button_operated": "yes",
        "check_date": "2026-08-19",
        "description": "Brčko Ládví",
        "dog": "no",
        "fee": "no",
        "fountain": "spout",
        "image": "https://hillview.cz/?photo=hillview-f1f5681f-504a-493b-acae-4a22049f67d0&lat=50.12704826835024&lon=14.46978807449341&zoom=20&bearing=268.61698212522003",
        "installation:seasonal": "yes",
        "manufacturer": "PVK",
        "material": "metal",
        "mist_spraying_cooler": "yes",
        "model": "brčko",
        "opening_hours": "24/7",
        "ref:prazskapitka": "341",
        "seasonal": "summer",
        "water_flow": "normal",
        "wheelchair": "yes"
      }
    },
    {
      "type": "Feature",
      "geometry": {
        "type": "Point",
        "coordinates": [
          14.4695327,
          50.1276277
        ]
      },
      "properties": {
        "@type": "node",
        "@id": 14039392420,
        "@url": "https://www.openstreetmap.org/node/14039392420",
        "access": "yes",
        "amenity": "drinking_water",
        "bottle": "yes",
        "button_operated": "yes",
        "check_date": "2026-08-19",
        "description": "Pítko Ládví",
        "dog": "no",
        "fee": "no",
        "fountain": "spout",
        "manufacturer": "Benito",
        "material": "metal",
        "model": "Atlas",
        "opening_hours": "24/7",
        "ref:prazskapitka": "342",
        "seasonal": "summer",
        "water_flow": "normal",
        "wheelchair": "yes"
      }
    },
    {
      "type": "Feature",
      "geometry": {
        "type": "Point",
        "coordinates": [
          14.4091474,
          50.0789233
        ]
      },
      "properties": {
        "@type": "node",
        "@id": 14051601401,
        "@url": "https://www.openstreetmap.org/node/14051601401",
        "access": "yes",
        "activation": "button",
        "activation:action": "push",
        "amenity": "drinking_water",
        "bottle": "yes",
        "check_date": "2026",
        "description": "Pítko Dětský ostrov východ",
        "dog": "no",
        "fee": "no",
        "fountain": "spout",
        "opening_hours": "08:00-20:30",
        "ref:prazskapitka": "297",
        "seasonal": "summer",
        "water_flow": "normal",
        "wheelchair": "yes"
      }
    },
    {
      "type": "Feature",
      "geometry": {
        "type": "Point",
        "coordinates": [
          14.4511863,
          50.0782248
        ]
      },
      "properties": {
        "@type": "node",
        "@id": 14071702989,
        "@url": "https://www.openstreetmap.org/node/14071702989",
        "amenity": "drinking_water",
        "man_made": "water_tap"
      }
    },
    {
      "type": "Feature",
      "geometry": {
        "type": "Point",
        "coordinates": [
          14.4511165,
          50.0784233
        ]
      },
      "properties": {
        "@type": "node",
        "@id": 14071703183,
        "@url": "https://www.openstreetmap.org/node/14071703183",
        "amenity": "drinking_water",
        "man_made": "water_tap"
      }
    },
    {
      "type": "Feature",
      "geometry": {
        "type": "Point",
        "coordinates": [
          14.4922324,
          50.0248987
        ]
      },
      "properties": {
        "@type": "node",
        "@id": 14079654604,
        "@url": "https://www.openstreetmap.org/node/14079654604",
        "access": "yes",
        "activation": "pedal",
        "activation:action": "step_on",
        "amenity": "drinking_water",
        "bottle": "no",
        "check_date": "2025",
        "description": "Pítko s kamennou plastikou Faun, Jírovcovo náměstí",
        "dog": "no",
        "fee": "no",
        "fountain": "decorative",
        "material": "stone",
        "name": "Faun",
        "opening_hours": "24/7",
        "ref:drobne_pamatky": "27931",
        "ref:prazskapitka": "266",
        "seasonal": "summer",
        "water_flow": "normal",
        "wheelchair": "limited",
        "wikidata": "Q65698579"
      }
    },
    {
      "type": "Feature",
      "geometry": {
        "type": "Point",
        "coordinates": [
          14.4401625,
          50.1120216
        ]
      },
      "properties": {
        "@type": "node",
        "@id": 14101694023,
        "@url": "https://www.openstreetmap.org/node/14101694023",
        "access": "yes",
        "activation": "button",
        "activation:action": "push",
        "amenity": "drinking_water",
        "bottle": "yes",
        "check_date": "2026",
        "description": "Pítko Port7",
        "dog": "no",
        "fee": "no",
        "fountain": "spout",
        "manufacturer": "Benito",
        "material": "metal",
        "model": "Atlas",
        "opening_hours": "24/7",
        "ref:prazskapitka": "335",
        "seasonal": "summer",
        "start_date": "2024",
        "water_flow": "normal",
        "wheelchair": "yes"
      }
    },
    {
      "type": "Feature",
      "geometry": {
        "type": "Point",
        "coordinates": [
          14.4987198,
          50.0843198
        ]
      },
      "properties": {
        "@type": "node",
        "@id": 14121066606,
        "@url": "https://www.openstreetmap.org/node/14121066606",
        "access": "yes",
        "amenity": "drinking_water",
        "bottle": "yes",
        "button_operated": "yes",
        "check_date": "2025",
        "description": "Pítko Malešický park střed-jih",
        "dog": "no",
        "fee": "no",
        "fountain": "spout",
        "man_made": "water_tap",
        "manufacturer": "Urbania",
        "material": "metal",
        "model": "Escape",
        "opening_hours": "24/7",
        "ref:prazskapitka": "45",
        "seasonal": "summer",
        "water_flow": "normal",
        "wheelchair": "yes"
      }
    },
    {
      "type": "Feature",
      "geometry": {
        "type": "Point",
        "coordinates": [
          14.4659925,
          50.1087939
        ]
      },
      "properties": {
        "@type": "node",
        "@id": 14137827068,
        "@url": "https://www.openstreetmap.org/node/14137827068",
        "access": "yes",
        "amenity": "drinking_water",
        "bottle": "yes",
        "button_operated": "yes",
        "check_date": "2026",
        "colour": "turquoise",
        "description": "Pítko hřiště U Českých loděnic",
        "dog": "no",
        "fee": "no",
        "fountain": "spout",
        "manufacturer": "Metalco",
        "material": "metal",
        "model": "Fuente_E",
        "ref:prazskapitka": "270",
        "seasonal": "summer",
        "water_flow": "normal",
        "wheelchair": "yes"
      }
    },
    {
      "type": "Feature",
      "geometry": {
        "type": "Point",
        "coordinates": [
          14.4745807,
          50.1017219
        ]
      },
      "properties": {
        "@type": "node",
        "@id": 14137834977,
        "@url": "https://www.openstreetmap.org/node/14137834977",
        "access": "yes",
        "amenity": "drinking_water",
        "bottle": "yes",
        "button_operated": "yes",
        "check_date": "2026",
        "description": "Pítko Sokolovská",
        "dog": "no",
        "fee": "no",
        "fountain": "spout",
        "manufacturer": "Benito",
        "material": "metal",
        "model": "Atlas",
        "opening_hours": "24/7",
        "ref:prazskapitka": "237",
        "seasonal": "summer",
        "water_flow": "normal",
        "wheelchair": "yes"
      }
    },
    {
      "type": "Feature",
      "geometry": {
        "type": "Point",
        "coordinates": [
          14.4595365,
          50.0963985
        ]
      },
      "properties": {
        "@type": "node",
        "@id": 14137840000,
        "@url": "https://www.openstreetmap.org/node/14137840000",
        "access": "yes",
        "amenity": "drinking_water",
        "bottle": "yes",
        "button_operated": "yes",
        "check_date": "2026",
        "description": "Pítko psí louka Invalidovna",
        "dog": "no",
        "fee": "no",
        "fountain": "spout",
        "manufacturer": "Benito",
        "material": "metal",
        "model": "Atlas",
        "opening_hours": "24/7",
        "ref:prazskapitka": "263",
        "seasonal": "summer",
        "water_flow": "normal",
        "wheelchair": "yes"
      }
    },
    {
      "type": "Feature",
      "geometry": {
        "type": "Point",
        "coordinates": [
          14.4601567,
          50.0948924
        ]
      },
      "properties": {
        "@type": "node",
        "@id": 14137852151,
        "@url": "https://www.openstreetmap.org/node/14137852151",
        "access": "yes",
        "amenity": "drinking_water",
        "bottle": "yes",
        "button_operated": "yes",
        "check_date": "2026",
        "description": "Pítko hřiště Invalidovna",
        "dog": "no",
        "fee": "no",
        "fountain": "spout",
        "manufacturer": "REX",
        "material": "cast_iron",
        "model": "Monachela",
        "ref:prazskapitka": "236",
        "seasonal": "summer",
        "water_flow": "normal",
        "wheelchair": "no"
      }
    },
    {
      "type": "Feature",
      "geometry": {
        "type": "Point",
        "coordinates": [
          14.396064,
          50.0815883
        ]
      },
      "properties": {
        "@type": "node",
        "@id": 14137857478,
        "@url": "https://www.openstreetmap.org/node/14137857478",
        "access": "yes",
        "amenity": "drinking_water",
        "bottle": "no",
        "button_operated": "yes",
        "check_date": "2026",
        "description": "Pítko Petřín střed",
        "dog": "no",
        "fee": "no",
        "fountain": "bubbler",
        "manufacturer": "Vandesign",
        "material": "metal",
        "model": "Juncus_K",
        "opening_hours": "24/7",
        "ref:prazskapitka": "257",
        "seasonal": "summer",
        "start_date": "2024",
        "water_flow": "normal",
        "wheelchair": "yes"
      }
    },
    {
      "type": "Feature",
      "geometry": {
        "type": "Point",
        "coordinates": [
          14.3973883,
          50.0805867
        ]
      },
      "properties": {
        "@type": "node",
        "@id": 14137857914,
        "@url": "https://www.openstreetmap.org/node/14137857914",
        "access": "yes",
        "amenity": "drinking_water",
        "bottle": "no",
        "button_operated": "yes",
        "check_date": "2026",
        "description": "Pítko Petřín jih",
        "dog": "no",
        "fee": "no",
        "fountain": "bubbler",
        "manufacturer": "Vandesign",
        "material": "metal",
        "model": "Juncus_K",
        "opening_hours": "24/7",
        "ref:prazskapitka": "256",
        "seasonal": "summer",
        "start_date": "2024",
        "water_flow": "normal",
        "wheelchair": "yes"
      }
    },
    {
      "type": "Feature",
      "geometry": {
        "type": "Point",
        "coordinates": [
          14.4062097,
          50.0904388
        ]
      },
      "properties": {
        "@type": "node",
        "@id": 14138104591,
        "@url": "https://www.openstreetmap.org/node/14138104591",
        "access": "yes",
        "amenity": "drinking_water",
        "bottle": "yes",
        "button_operated": "yes",
        "check_date": "2026",
        "description": "Pítko Valdštejnská",
        "dog": "no",
        "fee": "no",
        "fountain": "spout",
        "manufacturer": "REX",
        "material": "cast_iron",
        "model": "Athena",
        "opening_hours": "24/7",
        "ref:prazskapitka": "178",
        "seasonal": "summer",
        "water_flow": "normal",
        "wheelchair": "yes"
      }
    },
    {
      "type": "Feature",
      "geometry": {
        "type": "Point",
        "coordinates": [
          14.4910076,
          50.0709722
        ]
      },
      "properties": {
        "@type": "node",
        "@id": 14138126141,
        "@url": "https://www.openstreetmap.org/node/14138126141",
        "access": "yes",
        "amenity": "drinking_water",
        "bottle": "yes",
        "button_operated": "yes",
        "check_date": "2025",
        "description": "Pítko Gutovka",
        "dog": "no",
        "fee": "no",
        "fountain": "spout",
        "manufacturer": "Urbania",
        "material": "metal",
        "model": "Escape",
        "opening_hours": "08:00-22:00",
        "ref:prazskapitka": "166",
        "seasonal": "summer",
        "water_flow": "normal",
        "wheelchair": "limited"
      }
    },
    {
      "type": "Feature",
      "geometry": {
        "type": "Point",
        "coordinates": [
          14.417251,
          50.0051213
        ]
      },
      "properties": {
        "@type": "node",
        "@id": 14138127048,
        "@url": "https://www.openstreetmap.org/node/14138127048",
        "access": "yes",
        "activation": "continuous",
        "amenity": "drinking_water",
        "bottle": "no",
        "check_date": "2025",
        "description": "Pítko Československého exilu",
        "dog": "no",
        "fee": "no",
        "fountain": "bubbler",
        "material": "concrete",
        "opening_hours": "24/7",
        "ref:prazskapitka": "249",
        "seasonal": "summer",
        "water_flow": "weak",
        "wheelchair": "yes"
      }
    },
    {
      "type": "Feature",
      "geometry": {
        "type": "Point",
        "coordinates": [
          14.424494,
          50.1078806
        ]
      },
      "properties": {
        "@type": "node",
        "@id": 14138127050,
        "@url": "https://www.openstreetmap.org/node/14138127050",
        "access": "yes",
        "amenity": "drinking_water",
        "bottle": "yes",
        "button_operated": "yes",
        "check_date": "2025",
        "description": "Pítko Grillpoint Výstaviště 2",
        "dog": "no",
        "fee": "no",
        "fountain": "spout",
        "manufacturer": "Urbania",
        "material": "metal",
        "model": "Beata",
        "opening_hours": "24/7",
        "ref:prazskapitka": "175",
        "seasonal": "summer",
        "water_flow": "normal",
        "wheelchair": "limited"
      }
    },
    {
      "type": "Feature",
      "geometry": {
        "type": "Point",
        "coordinates": [
          14.4221618,
          50.1070405
        ]
      },
      "properties": {
        "@type": "node",
        "@id": 14138129771,
        "@url": "https://www.openstreetmap.org/node/14138129771",
        "access": "yes",
        "amenity": "drinking_water",
        "bottle": "yes",
        "button_operated": "yes",
        "check_date": "2025",
        "description": "Pítko Stromovka střed",
        "dog": "no",
        "fee": "no",
        "fountain": "bubbler",
        "material": "stone",
        "opening_hours": "24/7",
        "ref:prazskapitka": "232",
        "seasonal": "summer",
        "water_flow": "normal",
        "wheelchair": "no"
      }
    },
    {
      "type": "Feature",
      "geometry": {
        "type": "Point",
        "coordinates": [
          14.4440164,
          50.1025581
        ]
      },
      "properties": {
        "@type": "node",
        "@id": 14138131890,
        "@url": "https://www.openstreetmap.org/node/14138131890",
        "access": "yes",
        "amenity": "drinking_water",
        "bottle": "yes",
        "button_operated": "yes",
        "check_date": "2026",
        "description": "Pítko hřiště Tovární",
        "dog": "yes",
        "fee": "no",
        "fountain": "spout",
        "material": "metal",
        "ref:prazskapitka": "189",
        "seasonal": "summer",
        "water_flow": "normal",
        "wheelchair": "limited"
      }
    },
    {
      "type": "Feature",
      "geometry": {
        "type": "Point",
        "coordinates": [
          14.4251363,
          50.1087449
        ]
      },
      "properties": {
        "@type": "node",
        "@id": 14138134812,
        "@url": "https://www.openstreetmap.org/node/14138134812",
        "access": "yes",
        "amenity": "drinking_water",
        "bottle": "yes",
        "button_operated": "yes",
        "check_date": "2025",
        "description": "Pítko Výstaviště sever",
        "dog": "no",
        "fee": "no",
        "fountain": "spout",
        "manufacturer": "Urbania",
        "material": "metal",
        "model": "Beata",
        "ref:prazskapitka": "254",
        "seasonal": "summer",
        "water_flow": "normal",
        "wheelchair": "yes"
      }
    },
    {
      "type": "Feature",
      "geometry": {
        "type": "Point",
        "coordinates": [
          14.4243812,
          50.1081454
        ]
      },
      "properties": {
        "@type": "node",
        "@id": 14138134813,
        "@url": "https://www.openstreetmap.org/node/14138134813",
        "access": "yes",
        "amenity": "drinking_water",
        "bottle": "yes",
        "button_operated": "yes",
        "check_date": "2025",
        "description": "Pítko Výstaviště jih",
        "dog": "no",
        "fee": "no",
        "fountain": "spout",
        "manufacturer": "Urbania",
        "material": "metal",
        "model": "Beata",
        "ref:prazskapitka": "91",
        "seasonal": "summer",
        "water_flow": "normal",
        "wheelchair": "limited"
      }
    },
    {
      "type": "Feature",
      "geometry": {
        "type": "Point",
        "coordinates": [
          14.3620558,
          49.9815827
        ]
      },
      "properties": {
        "@type": "node",
        "@id": 14138147988,
        "@url": "https://www.openstreetmap.org/node/14138147988",
        "access": "yes",
        "activation": "turn_valve",
        "amenity": "drinking_water",
        "bottle": "yes",
        "check_date": "2025",
        "description": "Pítko Radotín",
        "dog": "no",
        "fee": "no",
        "fountain": "spout",
        "manufacturer": "REX",
        "material": "cast_iron",
        "model": "Orfeus",
        "opening_hours": "24/7",
        "ref:prazskapitka": "202",
        "seasonal": "summer",
        "water_flow": "adjustable",
        "wheelchair": "yes"
      }
    },
    {
      "type": "Feature",
      "geometry": {
        "type": "Point",
        "coordinates": [
          14.410871,
          49.9910427
        ]
      },
      "properties": {
        "@type": "node",
        "@id": 14138152432,
        "@url": "https://www.openstreetmap.org/node/14138152432",
        "access": "yes",
        "amenity": "drinking_water",
        "bottle": "no",
        "button_operated": "yes",
        "check_date": "2025",
        "description": "Pítko Komořanské náměstí",
        "dog": "no",
        "fee": "no",
        "fountain": "bubbler",
        "manufacturer": "Vandesign",
        "material": "metal",
        "model": "Juncus_K",
        "ref:prazskapitka": "242",
        "seasonal": "summer",
        "water_flow": "weak",
        "wheelchair": "yes"
      }
    },
    {
      "type": "Feature",
      "geometry": {
        "type": "Point",
        "coordinates": [
          14.4089619,
          50.0783888
        ]
      },
      "properties": {
        "@type": "node",
        "@id": 14138152537,
        "@url": "https://www.openstreetmap.org/node/14138152537",
        "access": "yes",
        "amenity": "drinking_water",
        "bottle": "yes",
        "button_operated": "yes",
        "check_date": "2026",
        "description": "Pítko Dětský ostrov střed",
        "dog": "no",
        "fee": "no",
        "fountain": "spout",
        "opening_hours": "08:00-20:30",
        "ref:prazskapitka": "116",
        "seasonal": "summer",
        "water_flow": "normal",
        "wheelchair": "yes"
      }
    },
    {
      "type": "Feature",
      "geometry": {
        "type": "Point",
        "coordinates": [
          14.4247622,
          50.1077295
        ]
      },
      "properties": {
        "@type": "node",
        "@id": 14138153136,
        "@url": "https://www.openstreetmap.org/node/14138153136",
        "access": "yes",
        "amenity": "drinking_water",
        "bottle": "yes",
        "button_operated": "yes",
        "check_date": "2025",
        "description": "Pítko grillpoint Výstaviště 1",
        "dog": "no",
        "fee": "no",
        "fountain": "spout",
        "manufacturer": "Urbania",
        "material": "metal",
        "model": "Beata",
        "opening_hours": "24/7",
        "ref:prazskapitka": "176",
        "seasonal": "summer",
        "water_flow": "normal",
        "wheelchair": "limited"
      }
    },
    {
      "type": "Feature",
      "geometry": {
        "type": "Point",
        "coordinates": [
          14.4293459,
          50.0929524
        ]
      },
      "properties": {
        "@type": "node",
        "@id": 14138153137,
        "@url": "https://www.openstreetmap.org/node/14138153137",
        "access": "yes",
        "activation": "sensor",
        "amenity": "drinking_water",
        "bottle": "no",
        "check_date": "2026",
        "description": "Pítko park Lannova západ",
        "dog": "no",
        "fee": "no",
        "fountain": "bubbler",
        "material": "stone",
        "opening_hours": "24/7",
        "ref:prazskapitka": "273",
        "seasonal": "summer",
        "water_flow": "weak",
        "wheelchair": "yes"
      }
    },
    {
      "type": "Feature",
      "geometry": {
        "type": "Point",
        "coordinates": [
          14.3749959,
          50.0986039
        ]
      },
      "properties": {
        "@type": "node",
        "@id": 14138153154,
        "@url": "https://www.openstreetmap.org/node/14138153154",
        "access": "yes",
        "amenity": "drinking_water",
        "bottle": "yes",
        "button_operated": "yes",
        "check_date": "2025",
        "description": "Brčko Hadovka",
        "dog": "no",
        "fee": "no",
        "fountain": "spout",
        "installation:seasonal": "yes",
        "manufacturer": "PVK",
        "material": "metal",
        "mist_spraying_cooler": "yes",
        "model": "brčko",
        "opening_hours": "24/7",
        "ref:prazskapitka": "43",
        "seasonal": "summer",
        "water_flow": "normal",
        "wheelchair": "yes"
      }
    },
    {
      "type": "Feature",
      "geometry": {
        "type": "Point",
        "coordinates": [
          14.4204495,
          50.0778275
        ]
      },
      "properties": {
        "@type": "node",
        "@id": 14138156508,
        "@url": "https://www.openstreetmap.org/node/14138156508",
        "access": "yes",
        "activation": "continuous",
        "amenity": "drinking_water",
        "bottle": "no",
        "check_date": "2026",
        "description": "Pítko Karlovo náměstí, 2026 dočasně mimo provoz",
        "dog": "no",
        "fee": "no",
        "fountain": "decorative",
        "opening_hours": "24/7",
        "ref:prazskapitka": "119",
        "seasonal": "summer",
        "water_flow": "weak",
        "wheelchair": "no"
      }
    },
    {
      "type": "Feature",
      "geometry": {
        "type": "Point",
        "coordinates": [
          14.3790519,
          50.1053993
        ]
      },
      "properties": {
        "@type": "node",
        "@id": 14138160711,
        "@url": "https://www.openstreetmap.org/node/14138160711",
        "access": "yes",
        "amenity": "drinking_water",
        "bottle": "yes",
        "button_operated": "yes",
        "check_date": "2025",
        "description": "Pítko Hanspaulka",
        "dog": "yes",
        "fee": "no",
        "fountain": "spout",
        "manufacturer": "REX",
        "material": "cast_iron",
        "model": "Hydrant",
        "opening_hours": "24/7",
        "ref:prazskapitka": "49",
        "seasonal": "summer",
        "water_flow": "normal",
        "wheelchair": "yes"
      }
    },
    {
      "type": "Feature",
      "geometry": {
        "type": "Point",
        "coordinates": [
          14.3159952,
          50.0502665
        ]
      },
      "properties": {
        "@type": "node",
        "@id": 14138160892,
        "@url": "https://www.openstreetmap.org/node/14138160892",
        "access": "yes",
        "amenity": "drinking_water",
        "bottle": "yes",
        "button_operated": "yes",
        "check_date": "2025",
        "description": "Pítko Panská zahrada",
        "dog": "no",
        "fee": "no",
        "fountain": "bubbler",
        "material": "stone",
        "opening_hours": "24/7",
        "ref:prazskapitka": "248",
        "seasonal": "summer",
        "water_flow": "normal",
        "wheelchair": "limited"
      }
    },
    {
      "type": "Feature",
      "geometry": {
        "type": "Point",
        "coordinates": [
          14.4329523,
          50.0883079
        ]
      },
      "properties": {
        "@type": "node",
        "@id": 14138163160,
        "@url": "https://www.openstreetmap.org/node/14138163160",
        "access": "yes",
        "activation": "sensor",
        "amenity": "drinking_water",
        "bottle": "yes",
        "check_date": "2026",
        "description": "Pítko Masaryčka",
        "dog": "no",
        "fee": "no",
        "fountain": "spout",
        "manufacturer": "Capacity",
        "material": "metal",
        "model": "Capacity",
        "opening_hours": "24/7",
        "ref:prazskapitka": "296",
        "seasonal": "summer",
        "water_flow": "normal",
        "wheelchair": "yes"
      }
    },
    {
      "type": "Feature",
      "geometry": {
        "type": "Point",
        "coordinates": [
          14.4091371,
          50.0775997
        ]
      },
      "properties": {
        "@type": "node",
        "@id": 14138163162,
        "@url": "https://www.openstreetmap.org/node/14138163162",
        "access": "yes",
        "amenity": "drinking_water",
        "bottle": "yes",
        "button_operated": "yes",
        "check_date": "2026",
        "description": "Pítko Dětský ostrov jih",
        "dog": "yes",
        "fee": "no",
        "fountain": "spout",
        "material": "stone",
        "opening_hours": "08:00-20:30",
        "ref:prazskapitka": "85",
        "seasonal": "summer",
        "water_flow": "normal",
        "wheelchair": "yes"
      }
    },
    {
      "type": "Feature",
      "geometry": {
        "type": "Point",
        "coordinates": [
          14.3396984,
          50.0512663
        ]
      },
      "properties": {
        "@type": "node",
        "@id": 14138163192,
        "@url": "https://www.openstreetmap.org/node/14138163192",
        "access": "yes",
        "amenity": "drinking_water",
        "bottle": "yes",
        "button_operated": "yes",
        "check_date": "2025",
        "description": "Pítko Hůrka",
        "dog": "no",
        "fee": "no",
        "fountain": "bubbler",
        "material": "stone",
        "opening_hours": "24/7",
        "ref:prazskapitka": "156",
        "seasonal": "summer",
        "water_flow": "normal",
        "wheelchair": "no"
      }
    },
    {
      "type": "Feature",
      "geometry": {
        "type": "Point",
        "coordinates": [
          14.418995,
          50.0406314
        ]
      },
      "properties": {
        "@type": "node",
        "@id": 14138166997,
        "@url": "https://www.openstreetmap.org/node/14138166997",
        "access": "yes",
        "amenity": "drinking_water",
        "bottle": "yes",
        "button_operated": "yes",
        "check_date": "2024",
        "description": "Pítko Zelený pruh",
        "dog": "no",
        "fee": "no",
        "fountain": "spout",
        "material": "metal",
        "model": "Roma",
        "opening_hours": "24/7",
        "ref:prazskapitka": "234",
        "seasonal": "summer",
        "water_flow": "normal",
        "wheelchair": "yes"
      }
    },
    {
      "type": "Feature",
      "geometry": {
        "type": "Point",
        "coordinates": [
          14.4254782,
          50.0760089
        ]
      },
      "properties": {
        "@type": "node",
        "@id": 14138172044,
        "@url": "https://www.openstreetmap.org/node/14138172044",
        "access": "yes",
        "amenity": "drinking_water",
        "bottle": "no",
        "button_operated": "yes",
        "check_date": "2025",
        "covered": "yes",
        "description": "Pítko hřiště Na Rybníčku, nachází se u toalet",
        "dog": "no",
        "fee": "no",
        "fountain": "bubbler",
        "manufacturer": "azp",
        "material": "metal",
        "model": "AFO_01",
        "opening_hours": "08:00-21:00",
        "ref:prazskapitka": "17",
        "water_flow": "normal",
        "wheelchair": "yes"
      }
    },
    {
      "type": "Feature",
      "geometry": {
        "type": "Point",
        "coordinates": [
          14.3963881,
          50.1041961
        ]
      },
      "properties": {
        "@type": "node",
        "@id": 14138172048,
        "@url": "https://www.openstreetmap.org/node/14138172048",
        "access": "yes",
        "amenity": "drinking_water",
        "bottle": "yes",
        "button_operated": "yes",
        "check_date": "2025",
        "description": "Pítko park Lotyšská",
        "dog": "yes",
        "fee": "no",
        "fountain": "bubbler",
        "material": "metal",
        "opening_hours": "24/7",
        "ref:prazskapitka": "195",
        "seasonal": "summer",
        "water_flow": "normal",
        "wheelchair": "yes"
      }
    },
    {
      "type": "Feature",
      "geometry": {
        "type": "Point",
        "coordinates": [
          14.4447671,
          50.0767564
        ]
      },
      "properties": {
        "@type": "node",
        "@id": 14138172071,
        "@url": "https://www.openstreetmap.org/node/14138172071",
        "access": "yes",
        "amenity": "drinking_water",
        "bottle": "yes",
        "button_operated": "yes",
        "check_date": "2026",
        "description": "Pítko sady Svatopluka Čecha",
        "dog": "no",
        "fee": "no",
        "fountain": "bubbler",
        "manufacturer": "Pítko",
        "material": "metal",
        "model": "AFO_03",
        "opening_hours": "24/7",
        "ref:prazskapitka": "250",
        "seasonal": "summer",
        "water_flow": "normal",
        "wheelchair": "yes"
      }
    },
    {
      "type": "Feature",
      "geometry": {
        "type": "Point",
        "coordinates": [
          14.3964467,
          50.1011648
        ]
      },
      "properties": {
        "@type": "node",
        "@id": 14138172418,
        "@url": "https://www.openstreetmap.org/node/14138172418",
        "access": "yes",
        "amenity": "drinking_water",
        "bottle": "yes",
        "button_operated": "yes",
        "check_date": "2024",
        "description": "brčko Vítězné náměstí",
        "dog": "no",
        "fee": "no",
        "fountain": "spout",
        "installation:seasonal": "yes",
        "manufacturer": "PVK",
        "material": "metal",
        "mist_spraying_cooler": "yes",
        "model": "brčko",
        "opening_hours": "24/7",
        "ref:prazskapitka": "169",
        "seasonal": "summer",
        "water_flow": "normal",
        "wheelchair": "yes"
      }
    },
    {
      "type": "Feature",
      "geometry": {
        "type": "Point",
        "coordinates": [
          14.3805755,
          50.1357866
        ]
      },
      "properties": {
        "@type": "node",
        "@id": 14138173440,
        "@url": "https://www.openstreetmap.org/node/14138173440",
        "access": "yes",
        "amenity": "drinking_water",
        "bottle": "yes",
        "check_date": "2024",
        "description": "Pítko Suchdolské náměstí",
        "dog": "no",
        "fee": "no",
        "fountain": "spout",
        "manufacturer": "Urbania",
        "material": "metal",
        "model": "Beata",
        "opening_hours": "24/7",
        "ref:prazskapitka": "203",
        "seasonal": "summer",
        "wheelchair": "yes"
      }
    },
    {
      "type": "Feature",
      "geometry": {
        "type": "Point",
        "coordinates": [
          14.451478,
          50.0704505
        ]
      },
      "properties": {
        "@type": "node",
        "@id": 14138173454,
        "@url": "https://www.openstreetmap.org/node/14138173454",
        "access": "yes",
        "amenity": "drinking_water",
        "bottle": "yes",
        "button_operated": "yes",
        "check_date": "2026",
        "description": "Pítko Košická",
        "dog": "no",
        "fee": "no",
        "fountain": "spout",
        "manufacturer": "Metalco",
        "material": "metal",
        "model": "Fuente_R",
        "opening_hours": "24/7",
        "ref:prazskapitka": "134",
        "seasonal": "summer",
        "water_flow": "normal",
        "wheelchair": "yes"
      }
    },
    {
      "type": "Feature",
      "geometry": {
        "type": "Point",
        "coordinates": [
          14.5782632,
          50.0881624
        ]
      },
      "properties": {
        "@type": "node",
        "@id": 14138173455,
        "@url": "https://www.openstreetmap.org/node/14138173455",
        "access": "yes",
        "amenity": "drinking_water",
        "bottle": "no",
        "button_operated": "yes",
        "check_date": "2024",
        "description": "Pítko zámecký park Dolní Počernice",
        "dog": "no",
        "fee": "no",
        "fountain": "spout",
        "opening_hours": "24/7",
        "ref:prazskapitka": "204",
        "seasonal": "summer",
        "water_flow": "normal",
        "wheelchair": "yes"
      }
    },
    {
      "type": "Feature",
      "geometry": {
        "type": "Point",
        "coordinates": [
          14.4325918,
          50.102811
        ]
      },
      "properties": {
        "@type": "node",
        "@id": 14138173470,
        "@url": "https://www.openstreetmap.org/node/14138173470",
        "access": "yes",
        "amenity": "drinking_water",
        "bottle": "yes",
        "button_operated": "yes",
        "check_date": "2026",
        "description": "Pítko Dukelských hrdinů sever",
        "dog": "no",
        "fee": "no",
        "fountain": "spout",
        "manufacturer": "REX",
        "material": "cast_iron",
        "model": "prameník",
        "opening_hours": "24/7",
        "ref:prazskapitka": "337",
        "seasonal": "summer",
        "start_date": "2026-04-01",
        "water_flow": "normal",
        "wheelchair": "yes"
      }
    },
    {
      "type": "Feature",
      "geometry": {
        "type": "Point",
        "coordinates": [
          14.5060713,
          50.0569002
        ]
      },
      "properties": {
        "@type": "node",
        "@id": 14138176556,
        "@url": "https://www.openstreetmap.org/node/14138176556",
        "access": "yes",
        "amenity": "drinking_water",
        "bottle": "yes",
        "button_operated": "yes",
        "check_date": "2025",
        "description": "Pítko Malinová",
        "dog": "no",
        "fee": "no",
        "fountain": "spout",
        "manufacturer": "Urbania",
        "material": "metal",
        "model": "Escape",
        "opening_hours": "24/7",
        "ref:prazskapitka": "300",
        "seasonal": "summer",
        "water_flow": "normal",
        "wheelchair": "yes"
      }
    },
    {
      "type": "Feature",
      "geometry": {
        "type": "Point",
        "coordinates": [
          14.4430877,
          50.0806918
        ]
      },
      "properties": {
        "@type": "node",
        "@id": 14138177359,
        "@url": "https://www.openstreetmap.org/node/14138177359",
        "access": "yes",
        "activation": "pedal",
        "activation:action": "step_on",
        "amenity": "drinking_water",
        "bottle": "yes",
        "check_date": "2025",
        "covered": "yes",
        "description": "Pítko hřiště U Draka - Riegrovy sady, 2026 hřiště v rekonstrukci",
        "dog": "no",
        "fee": "no",
        "fountain": "spout",
        "opening_hours": "08:00-21:00",
        "ref:prazskapitka": "148",
        "water_flow": "normal",
        "wheelchair": "yes"
      }
    },
    {
      "type": "Feature",
      "geometry": {
        "type": "Point",
        "coordinates": [
          14.3521105,
          50.0519609
        ]
      },
      "properties": {
        "@type": "node",
        "@id": 14138178226,
        "@url": "https://www.openstreetmap.org/node/14138178226",
        "access": "yes",
        "amenity": "drinking_water",
        "bottle": "yes",
        "button_operated": "yes",
        "check_date": "2025",
        "description": "Pítko Nové butovice",
        "dog": "no",
        "fee": "no",
        "fountain": "spout",
        "material": "metal",
        "model": "Tana",
        "opening_hours": "24/7",
        "ref:prazskapitka": "164",
        "seasonal": "summer",
        "water_flow": "normal",
        "wheelchair": "limited"
      }
    },
    {
      "type": "Feature",
      "geometry": {
        "type": "Point",
        "coordinates": [
          14.43093,
          50.0671936
        ]
      },
      "properties": {
        "@type": "node",
        "@id": 14138179107,
        "@url": "https://www.openstreetmap.org/node/14138179107",
        "access": "yes",
        "amenity": "drinking_water",
        "bottle": "yes",
        "button_operated": "yes",
        "check_date": "2026",
        "description": "Pítko Folimanka 1",
        "dog": "no",
        "fee": "no",
        "fountain": "bubbler",
        "manufacturer": "Sanela",
        "material": "metal",
        "model": "SLUN",
        "opening_hours": "24/7",
        "ref:prazskapitka": "241",
        "seasonal": "summer",
        "water_flow": "normal",
        "wheelchair": "yes"
      }
    },
    {
      "type": "Feature",
      "geometry": {
        "type": "Point",
        "coordinates": [
          14.3980484,
          50.1066658
        ]
      },
      "properties": {
        "@type": "node",
        "@id": 14138179228,
        "@url": "https://www.openstreetmap.org/node/14138179228",
        "access": "yes",
        "amenity": "drinking_water",
        "bottle": "yes",
        "button_operated": "yes",
        "check_date": "2025",
        "colour": "green",
        "description": "Pítko Park Lázaro Cárdenase",
        "dog": "no",
        "fee": "no",
        "fountain": "bubbler",
        "installation:seasonal": "yes",
        "manufacturer": "Escofet",
        "material": "plastic",
        "model": "Play",
        "opening_hours": "24/7",
        "ref:prazskapitka": "171",
        "seasonal": "summer",
        "water_flow": "normal",
        "wheelchair": "yes"
      }
    },
    {
      "type": "Feature",
      "geometry": {
        "type": "Point",
        "coordinates": [
          14.3814143,
          50.1378047
        ]
      },
      "properties": {
        "@type": "node",
        "@id": 14138182147,
        "@url": "https://www.openstreetmap.org/node/14138182147",
        "access": "yes",
        "amenity": "drinking_water",
        "bottle": "yes",
        "check_date": "2024",
        "description": "Pítko komunitní zahrada Suchdol",
        "dog": "no",
        "fee": "no",
        "fountain": "spout",
        "manufacturer": "Urbania",
        "material": "metal",
        "model": "Beata",
        "ref:prazskapitka": "212",
        "seasonal": "summer",
        "wheelchair": "yes"
      }
    },
    {
      "type": "Feature",
      "geometry": {
        "type": "Point",
        "coordinates": [
          14.4764978,
          50.0771173
        ]
      },
      "properties": {
        "@type": "node",
        "@id": 14138182150,
        "@url": "https://www.openstreetmap.org/node/14138182150",
        "access": "yes",
        "amenity": "drinking_water",
        "bottle": "yes",
        "button_operated": "yes",
        "check_date": "2025",
        "description": "Pítko hřiště vnitroblok Soběslavská",
        "dog": "no",
        "fee": "no",
        "fountain": "spout",
        "material": "metal",
        "opening_hours": "07:00-21:00",
        "ref:prazskapitka": "142",
        "seasonal": "summer",
        "water_flow": "normal",
        "wheelchair": "yes"
      }
    },
    {
      "type": "Feature",
      "geometry": {
        "type": "Point",
        "coordinates": [
          14.460692,
          50.1321882
        ]
      },
      "properties": {
        "@type": "node",
        "@id": 14138182151,
        "@url": "https://www.openstreetmap.org/node/14138182151",
        "access": "yes",
        "amenity": "drinking_water",
        "bottle": "yes",
        "button_operated": "yes",
        "check_date": "2026",
        "description": "Pítko hřiště U Holana",
        "dog": "no",
        "fee": "no",
        "fountain": "spout",
        "manufacturer": "Siacity",
        "material": "metal",
        "model": "E-FT02",
        "ref:prazskapitka": "226",
        "seasonal": "summer",
        "water_flow": "normal",
        "wheelchair": "no"
      }
    },
    {
      "type": "Feature",
      "geometry": {
        "type": "Point",
        "coordinates": [
          14.3519201,
          50.0715365
        ]
      },
      "properties": {
        "@type": "node",
        "@id": 14138182768,
        "@url": "https://www.openstreetmap.org/node/14138182768",
        "access": "yes",
        "amenity": "drinking_water",
        "bottle": "yes",
        "button_operated": "yes",
        "check_date": "2025",
        "description": "Brčko Hamsíkova / Brdlíkova",
        "dog": "no",
        "fee": "no",
        "fountain": "spout",
        "installation:seasonal": "yes",
        "manufacturer": "PVK",
        "material": "metal",
        "mist_spraying_cooler": "yes",
        "model": "brčko",
        "opening_hours": "24/7",
        "ref:prazskapitka": "302",
        "seasonal": "summer",
        "water_flow": "normal",
        "wheelchair": "no"
      }
    },
    {
      "type": "Feature",
      "geometry": {
        "type": "Point",
        "coordinates": [
          14.3318809,
          50.0429171
        ]
      },
      "properties": {
        "@type": "node",
        "@id": 14138183569,
        "@url": "https://www.openstreetmap.org/node/14138183569",
        "access": "yes",
        "amenity": "drinking_water",
        "bottle": "no",
        "button_operated": "yes",
        "check_date": "2025",
        "description": "Pítko Lužiny",
        "dog": "no",
        "fee": "no",
        "fountain": "bubbler",
        "material": "concrete",
        "opening_hours": "24/7",
        "ref:prazskapitka": "154",
        "seasonal": "summer",
        "water_flow": "normal",
        "wheelchair": "limited"
      }
    },
    {
      "type": "Feature",
      "geometry": {
        "type": "Point",
        "coordinates": [
          14.38941,
          50.1036999
        ]
      },
      "properties": {
        "@type": "node",
        "@id": 14138183700,
        "@url": "https://www.openstreetmap.org/node/14138183700",
        "access": "yes",
        "amenity": "drinking_water",
        "bottle": "yes",
        "button_operated": "yes",
        "check_date": "2024",
        "description": "Brčko Technická",
        "dog": "no",
        "fee": "no",
        "fountain": "spout",
        "installation:seasonal": "yes",
        "manufacturer": "PVK",
        "material": "metal",
        "mist_spraying_cooler": "yes",
        "model": "brčko",
        "opening_hours": "24/7",
        "ref:prazskapitka": "89",
        "seasonal": "summer",
        "water_flow": "normal",
        "wheelchair": "yes"
      }
    },
    {
      "type": "Feature",
      "geometry": {
        "type": "Point",
        "coordinates": [
          14.3704832,
          50.0479304
        ]
      },
      "properties": {
        "@type": "node",
        "@id": 14138191267,
        "@url": "https://www.openstreetmap.org/node/14138191267",
        "access": "yes",
        "amenity": "drinking_water",
        "bottle": "yes",
        "button_operated": "yes",
        "check_date": "2026",
        "description": "Pítko hřiště Mezi Rolemi",
        "dog": "no",
        "fee": "no",
        "fountain": "spout",
        "manufacturer": "REX",
        "material": "cast_iron",
        "model": "Prameník",
        "ref:prazskapitka": "305",
        "seasonal": "summer",
        "water_flow": "normal",
        "wheelchair": "yes"
      }
    },
    {
      "type": "Feature",
      "geometry": {
        "type": "Point",
        "coordinates": [
          14.424387,
          50.0422451
        ]
      },
      "properties": {
        "@type": "node",
        "@id": 14138195604,
        "@url": "https://www.openstreetmap.org/node/14138195604",
        "access": "yes",
        "amenity": "drinking_water",
        "bottle": "yes",
        "button_operated": "yes",
        "check_date": "2024",
        "description": "Pítko park Adolfa Borna",
        "dog": "no",
        "fee": "no",
        "fountain": "spout",
        "manufacturer": "Metalco",
        "material": "metal",
        "model": "Paraguas",
        "opening_hours": "08:00-21:00",
        "ref:prazskapitka": "235",
        "seasonal": "summer",
        "water_flow": "normal",
        "wheelchair": "yes"
      }
    },
    {
      "type": "Feature",
      "geometry": {
        "type": "Point",
        "coordinates": [
          14.4557614,
          50.0742587
        ]
      },
      "properties": {
        "@type": "node",
        "@id": 14138195689,
        "@url": "https://www.openstreetmap.org/node/14138195689",
        "access": "yes",
        "amenity": "drinking_water",
        "bottle": "no",
        "button_operated": "yes",
        "check_date": "2026",
        "description": "Pítko hřiště Sobotecká",
        "dog": "no",
        "fee": "no",
        "fountain": "bubbler",
        "manufacturer": "mmcité",
        "material": "metal",
        "model": "Hydro_310",
        "ref:prazskapitka": "264",
        "seasonal": "summer",
        "water_flow": "normal",
        "wheelchair": "yes"
      }
    },
    {
      "type": "Feature",
      "geometry": {
        "type": "Point",
        "coordinates": [
          14.4567004,
          50.080054
        ]
      },
      "properties": {
        "@type": "node",
        "@id": 14138204015,
        "@url": "https://www.openstreetmap.org/node/14138204015",
        "access": "yes",
        "amenity": "drinking_water",
        "bottle": "yes",
        "button_operated": "yes",
        "check_date": "2026",
        "description": "Pítko hřiště vnitroblok Radhošťská",
        "dog": "no",
        "fee": "no",
        "fountain": "spout",
        "material": "metal",
        "opening_hours": "07:00-21:00",
        "ref:prazskapitka": "144",
        "seasonal": "summer",
        "water_flow": "normal",
        "wheelchair": "yes"
      }
    },
    {
      "type": "Feature",
      "geometry": {
        "type": "Point",
        "coordinates": [
          14.4998501,
          50.0762676
        ]
      },
      "properties": {
        "@type": "node",
        "@id": 14138204016,
        "@url": "https://www.openstreetmap.org/node/14138204016",
        "access": "yes",
        "amenity": "drinking_water",
        "bottle": "yes",
        "button_operated": "yes",
        "check_date": "2025",
        "description": "Pítko park Solidarita",
        "dog": "no",
        "fee": "no",
        "fountain": "spout",
        "manufacturer": "Metalco",
        "material": "metal",
        "model": "Fuente_C",
        "opening_hours": "24/7",
        "ref:prazskapitka": "255",
        "seasonal": "summer",
        "water_flow": "normal",
        "wheelchair": "yes"
      }
    },
    {
      "type": "Feature",
      "geometry": {
        "type": "Point",
        "coordinates": [
          14.5626589,
          50.0320658
        ]
      },
      "properties": {
        "@type": "node",
        "@id": 14138211737,
        "@url": "https://www.openstreetmap.org/node/14138211737",
        "access": "yes",
        "amenity": "drinking_water",
        "bottle": "yes",
        "button_operated": "yes",
        "check_date": "2026",
        "description": "Pítko Jakobiho",
        "dog": "no",
        "fee": "no",
        "fountain": "spout",
        "image": "https://hillview.cz/?lat=50.0320361111111&lon=14.5625805555556&zoom=19&bearing=43.66&photo=hillview-cf1179cf-0758-45ab-a60e-1ab7e84ce72f",
        "manufacturer": "Urbania",
        "material": "metal",
        "model": "Beata",
        "opening_hours": "24/7",
        "ref:prazskapitka": "104",
        "seasonal": "summer",
        "water_flow": "normal",
        "wheelchair": "yes"
      }
    },
    {
      "type": "Feature",
      "geometry": {
        "type": "Point",
        "coordinates": [
          14.5321249,
          50.0329033
        ]
      },
      "properties": {
        "@type": "node",
        "@id": 14138212779,
        "@url": "https://www.openstreetmap.org/node/14138212779",
        "access": "yes",
        "amenity": "drinking_water",
        "bottle": "no",
        "button_operated": "yes",
        "check_date": "2025",
        "description": "Pítko Mendelova",
        "dog": "no",
        "fee": "no",
        "fountain": "spout",
        "manufacturer": "azp",
        "material": "metal",
        "model": "AFO_02",
        "opening_hours": "24/7",
        "ref:prazskapitka": "214",
        "seasonal": "summer",
        "water_flow": "normal",
        "wheelchair": "yes"
      }
    },
    {
      "type": "Feature",
      "geometry": {
        "type": "Point",
        "coordinates": [
          14.4780452,
          50.0452382
        ]
      },
      "properties": {
        "@type": "node",
        "@id": 14138212780,
        "@url": "https://www.openstreetmap.org/node/14138212780",
        "access": "yes",
        "amenity": "drinking_water",
        "bottle": "yes",
        "button_operated": "yes",
        "check_date": "2026",
        "description": "Pítko Roztylské náměstí jih",
        "dog": "no",
        "fee": "no",
        "fountain": "spout",
        "manufacturer": "Urbania",
        "material": "metal",
        "model": "Beata",
        "opening_hours": "24/7",
        "ref:prazskapitka": "272",
        "seasonal": "summer",
        "water_flow": "normal",
        "wheelchair": "limited"
      }
    },
    {
      "type": "Feature",
      "geometry": {
        "type": "Point",
        "coordinates": [
          14.2967198,
          50.1173244
        ]
      },
      "properties": {
        "@type": "node",
        "@id": 14138218521,
        "@url": "https://www.openstreetmap.org/node/14138218521",
        "access": "yes",
        "amenity": "drinking_water",
        "bottle": "no",
        "description": "Pítko K Tuchoměřicům",
        "dog": "no",
        "fee": "no",
        "fountain": "spout",
        "ref:prazskapitka": "111",
        "seasonal": "summer"
      }
    },
    {
      "type": "Feature",
      "geometry": {
        "type": "Point",
        "coordinates": [
          14.4970933,
          50.0358379
        ]
      },
      "properties": {
        "@type": "node",
        "@id": 14138232421,
        "@url": "https://www.openstreetmap.org/node/14138232421",
        "access": "yes",
        "amenity": "drinking_water",
        "bottle": "yes",
        "button_operated": "yes",
        "check_date": "2026",
        "description": "Pítko grilpoint Chodovská tvrz",
        "dog": "no",
        "fee": "no",
        "fountain": "spout",
        "manufacturer": "Benito",
        "material": "metal",
        "model": "Atlas",
        "opening_hours": "24/7",
        "ref:prazskapitka": "61",
        "seasonal": "summer",
        "water_flow": "normal",
        "wheelchair": "limited"
      }
    },
    {
      "type": "Feature",
      "geometry": {
        "type": "Point",
        "coordinates": [
          14.5590306,
          50.0913778
        ]
      },
      "properties": {
        "@type": "node",
        "@id": 14138233201,
        "@url": "https://www.openstreetmap.org/node/14138233201",
        "access": "yes",
        "amenity": "drinking_water",
        "bottle": "yes",
        "button_operated": "yes",
        "check_date": "2025",
        "description": "Pítko park Pilská",
        "dog": "no",
        "fee": "no",
        "fountain": "bubbler",
        "opening_hours": "24/7",
        "ref:prazskapitka": "205",
        "seasonal": "summer",
        "water_flow": "strong",
        "wheelchair": "yes"
      }
    },
    {
      "type": "Feature",
      "geometry": {
        "type": "Point",
        "coordinates": [
          14.5614553,
          50.040204
        ]
      },
      "properties": {
        "@type": "node",
        "@id": 14138233920,
        "@url": "https://www.openstreetmap.org/node/14138233920",
        "access": "yes",
        "amenity": "drinking_water",
        "bottle": "no",
        "button_operated": "yes",
        "check_date": "2026",
        "description": "Pítko Veronské náměstí",
        "dog": "no",
        "fee": "no",
        "fountain": "bubbler",
        "image": "https://hillview.cz/?lat=50.040175&lon=14.5614638888889&zoom=18&bearing=299.09&photo=hillview-f3910b44-2ff6-4c6d-9fcf-5a038d1b8460",
        "material": "concrete",
        "opening_hours": "24/7",
        "ref:prazskapitka": "225",
        "seasonal": "summer",
        "water_flow": "normal",
        "wheelchair": "yes"
      }
    },
    {
      "type": "Feature",
      "geometry": {
        "type": "Point",
        "coordinates": [
          14.4771148,
          50.0459204
        ]
      },
      "properties": {
        "@type": "node",
        "@id": 14138239622,
        "@url": "https://www.openstreetmap.org/node/14138239622",
        "access": "yes",
        "amenity": "drinking_water",
        "bottle": "no",
        "button_operated": "yes",
        "check_date": "2026",
        "description": "Pítko Roztylské náměstí střed",
        "dog": "no",
        "fee": "no",
        "fountain": "bubbler",
        "material": "stone",
        "opening_hours": "24/7",
        "ref:prazskapitka": "338",
        "seasonal": "summer",
        "water_flow": "strong",
        "wheelchair": "yes"
      }
    },
    {
      "type": "Feature",
      "geometry": {
        "type": "Point",
        "coordinates": [
          14.4334445,
          50.1003291
        ]
      },
      "properties": {
        "@type": "node",
        "@id": 14138239623,
        "@url": "https://www.openstreetmap.org/node/14138239623",
        "access": "yes",
        "amenity": "drinking_water",
        "bottle": "yes",
        "button_operated": "yes",
        "check_date": "2026",
        "description": "Pítko Dukelských hrdinů jih",
        "dog": "no",
        "fee": "no",
        "fountain": "spout",
        "manufacturer": "REX",
        "material": "cast_iron",
        "model": "prameník",
        "opening_hours": "24/7",
        "ref:prazskapitka": "336",
        "seasonal": "summer",
        "start_date": "2026-04-01",
        "water_flow": "normal",
        "wheelchair": "yes"
      }
    },
    {
      "type": "Feature",
      "geometry": {
        "type": "Point",
        "coordinates": [
          14.4833467,
          50.0452445
        ]
      },
      "properties": {
        "@type": "node",
        "@id": 14138240009,
        "@url": "https://www.openstreetmap.org/node/14138240009",
        "access": "yes",
        "amenity": "drinking_water",
        "bottle": "yes",
        "button_operated": "yes",
        "check_date": "2026",
        "description": "Pítko ZŠ Jižní IV",
        "dog": "no",
        "fee": "no",
        "fountain": "spout",
        "material": "stone",
        "opening_hours": "24/7",
        "ref:prazskapitka": "105",
        "seasonal": "summer",
        "water_flow": "normal",
        "wheelchair": "yes"
      }
    },
    {
      "type": "Feature",
      "geometry": {
        "type": "Point",
        "coordinates": [
          14.447829,
          50.1015786
        ]
      },
      "properties": {
        "@type": "node",
        "@id": 14138240013,
        "@url": "https://www.openstreetmap.org/node/14138240013",
        "access": "yes",
        "activation": "pedal",
        "activation:action": "step_on",
        "amenity": "drinking_water",
        "bottle": "yes",
        "check_date": "2026",
        "description": "Pítko park Tusarova západ",
        "dog": "no",
        "fee": "no",
        "fountain": "spout",
        "manufacturer": "EP_Studio",
        "material": "metal",
        "model": "P",
        "opening_hours": "24/7",
        "ref:prazskapitka": "190",
        "seasonal": "summer",
        "water_flow": "normal",
        "wheelchair": "no"
      }
    },
    {
      "type": "Feature",
      "geometry": {
        "type": "Point",
        "coordinates": [
          14.4154365,
          50.100852
        ]
      },
      "properties": {
        "@type": "node",
        "@id": 14138241555,
        "@url": "https://www.openstreetmap.org/node/14138241555",
        "access": "yes",
        "amenity": "drinking_water",
        "bottle": "yes",
        "button_operated": "yes",
        "check_date": "2025",
        "description": "Pítko hřiště U Sparty",
        "dog": "no",
        "fee": "no",
        "fountain": "spout",
        "manufacturer": "REX",
        "material": "cast_iron",
        "model": "Venezia",
        "opening_hours": "08:00-20:00",
        "ref:prazskapitka": "44",
        "seasonal": "summer",
        "water_flow": "normal",
        "wheelchair": "yes"
      }
    },
    {
      "type": "Feature",
      "geometry": {
        "type": "Point",
        "coordinates": [
          14.4755471,
          50.0881345
        ]
      },
      "properties": {
        "@type": "node",
        "@id": 14138241855,
        "@url": "https://www.openstreetmap.org/node/14138241855",
        "access": "yes",
        "amenity": "drinking_water",
        "bottle": "yes",
        "button_operated": "yes",
        "check_date": "2025",
        "description": "Pítko Židovské pece západ",
        "dog": "no",
        "fee": "no",
        "fountain": "spout",
        "manufacturer": "Benito",
        "material": "metal",
        "model": "Corc",
        "opening_hours": "24/7",
        "ref:prazskapitka": "149",
        "seasonal": "summer",
        "water_flow": "normal",
        "wheelchair": "yes"
      }
    },
    {
      "type": "Feature",
      "geometry": {
        "type": "Point",
        "coordinates": [
          14.4151462,
          50.0732075
        ]
      },
      "properties": {
        "@type": "node",
        "@id": 14139614501,
        "@url": "https://www.openstreetmap.org/node/14139614501",
        "amenity": "drinking_water",
        "check_date": "2026-09-01",
        "name": "Mlžítko, osvěžítko"
      }
    },
    {
      "type": "Feature",
      "geometry": {
        "type": "Point",
        "coordinates": [
          14.518667,
          50.11191
        ]
      },
      "properties": {
        "@type": "node",
        "@id": 14141944907,
        "@url": "https://www.openstreetmap.org/node/14141944907",
        "access": "yes",
        "activation": "button",
        "activation:action": "push",
        "amenity": "drinking_water",
        "bottle": "yes",
        "button_operated": "yes",
        "check_date": "2026-09-22",
        "description": "Pítko AFI city východ",
        "dog": "no",
        "fee": "no",
        "fountain": "bubbler",
        "manufacturer": "Fábregas",
        "material": "metal",
        "model": "Minus",
        "opening_hours": "24/7",
        "ref:prazskapitka": "343",
        "seasonal": "summer",
        "water_flow": "normal",
        "wheelchair": "limited"
      }
    },
    {
      "type": "Feature",
      "geometry": {
        "type": "Point",
        "coordinates": [
          14.4240308,
          50.0824038
        ]
      },
      "properties": {
        "@type": "node",
        "@id": 14178178858,
        "@url": "https://www.openstreetmap.org/node/14178178858",
        "access": "yes",
        "activation": "continuous",
        "amenity": "drinking_water",
        "bottle": "yes",
        "check_date": "2026",
        "description": "Pítko socha Chlapec s mušlí",
        "dog": "no",
        "fee": "no",
        "fountain": "decorative",
        "opening_hours": "07:00-22:00",
        "ref:prazskapitka": "206",
        "seasonal": "summer",
        "water_flow": "normal",
        "wheelchair": "yes"
      }
    },
    {
      "type": "Feature",
      "geometry": {
        "type": "Point",
        "coordinates": [
          14.4237032,
          50.0820849
        ]
      },
      "properties": {
        "@type": "node",
        "@id": 14178191211,
        "@url": "https://www.openstreetmap.org/node/14178191211",
        "access": "yes",
        "activation": "continuous",
        "amenity": "drinking_water",
        "bottle": "yes",
        "check_date": "2026",
        "description": "Pítko socha Divoženky a poletuchy",
        "dog": "no",
        "fee": "no",
        "fountain": "decorative",
        "opening_hours": "07:00-22:00",
        "ref:prazskapitka": "207",
        "seasonal": "summer",
        "water_flow": "adjustable",
        "wheelchair": "yes"
      }
    },
    {
      "type": "Feature",
      "geometry": {
        "type": "Point",
        "coordinates": [
          14.5160063,
          50.1120985
        ]
      },
      "properties": {
        "@type": "node",
        "@id": 14205971595,
        "@url": "https://www.openstreetmap.org/node/14205971595",
        "access": "yes",
        "activation": "button",
        "activation:action": "push",
        "amenity": "drinking_water",
        "bottle": "yes",
        "button_operated": "yes",
        "check_date": "2026-09-22",
        "description": "Pítko AFI city západ",
        "dog": "no",
        "fee": "no",
        "fountain": "bubbler",
        "manufacturer": "Fábregas",
        "material": "metal",
        "model": "Minus",
        "opening_hours": "24/7",
        "ref:prazskapitka": "353",
        "seasonal": "summer",
        "water_flow": "normal",
        "wheelchair": "limited"
      }
    }
  ]
}
